2026-09-24T20:40:47+0200 OTGW/value/otgw-84F3EB22B8E1 online
2026-09-24T20:40:47+0200 OTGW/value/otgw-84F3EB22B8E1/otgw-firmware/hostname OTGW
2026-09-24T20:40:47+0200 homeassistant/sensor/otgw-84F3EB22B8E1/status_master/config {"avty_t":"OTGW/value/otgw-84F3EB22B8E1","dev":{"identifiers":"otgw-84F3EB22B8E1","manufacturer":"NodoShop","model":"OTGW","name":"OpenTherm Gateway (OTGW)","sw_version":"1.7.6-beta.5+e0e0d3b (23-09-2026)"},"uniq_id":"otgw-84F3EB22B8E1-status_master","name":"Status Master","stat_t":"OTGW/value/otgw-84F3EB22B8E1/status_master","icon":"mdi:list-status","value_template":"{{ value }}","origin":{"name":"OTGW-firmware","sw":"1.7.6-beta.5+e0e0d3b (23-09-2026)","url":"https://github.com/rvdbreemen/OTGW-firmware"}}
2026-09-24T20:40:47+0200 homeassistant/sensor/otgw-84F3EB22B8E1/status_slave/config {"avty_t":"OTGW/value/otgw-84F3EB22B8E1","dev":{"identifiers":"otgw-84F3EB22B8E1","manufacturer":"NodoShop","model":"OTGW","name":"OpenTherm Gateway (OTGW)","sw_version":"1.7.6-beta.5+e0e0d3b (23-09-2026)"},"uniq_id":"otgw-84F3EB22B8E1-status_slave","name":"Status Slave","stat_t":"OTGW/value/otgw-84F3EB22B8E1/status_slave","icon":"mdi:list-status","value_template":"{{ value }}","origin":{"name":"OTGW-firmware","sw":"1.7.6-beta.5+e0e0d3b (23-09-2026)","url":"https://github.com/rvdbreemen/OTGW-firmware"}}
2026-09-24T20:40:47+0200 homeassistant/sensor/otgw-84F3EB22B8E1/hvac_mode/config {"avty_t":"OTGW/value/otgw-84F3EB22B8E1","dev":{"identifiers":"otgw-84F3EB22B8E1","manufacturer":"NodoShop","model":"OTGW","name":"OpenTherm Gateway (OTGW)","sw_version":"1.7.6-beta.5+e0e0d3b (23-09-2026)"},"uniq_id":"otgw-84F3EB22B8E1-hvac_mode","name":"HVAC Mode","stat_t":"OTGW/value/otgw-84F3EB22B8E1/hvac_mode","icon":"mdi:thermostat-auto","value_template":"{{ value }}","origin":{"name":"OTGW-firmware","sw":"1.7.6-beta.5+e0e0d3b (23-09-2026)","url":"https://github.com/rvdbreemen/OTGW-firmware"}}
2026-09-24T20:40:47+0200 homeassistant/sensor/otgw-84F3EB22B8E1/hvac_action/config {"avty_t":"OTGW/value/otgw-84F3EB22B8E1","dev":{"identifiers":"otgw-84F3EB22B8E1","manufacturer":"NodoShop","model":"OTGW","name":"OpenTherm Gateway (OTGW)","sw_version":"1.7.6-beta.5+e0e0d3b (23-09-2026)"},"uniq_id":"otgw-84F3EB22B8E1-hvac_action","name":"HVAC Action","stat_t":"OTGW/value/otgw-84F3EB22B8E1/hvac_action","icon":"mdi:hvac","value_template":"{{ value }}","origin":{"name":"OTGW-firmware","sw":"1.7.6-beta.5+e0e0d3b (23-09-2026)","url":"https://github.com/rvdbreemen/OTGW-firmware"}}
2026-09-24T20:40:47+0200 homeassistant/sensor/otgw-84F3EB22B8E1/Toutside/config {"avty_t":"OTGW/value/otgw-84F3EB22B8E1","dev":{"identifiers":"otgw-84F3EB22B8E1"},"uniq_id":"otgw-84F3EB22B8E1-Toutside","name":"Outside Temperature","stat_t":"OTGW/value/otgw-84F3EB22B8E1/Toutside","device_class":"temperature","unit_of_measurement":"°C","state_class":"measurement","icon":"mdi:thermometer","value_template":"{{ value }}","origin":{"name":"OTGW-firmware","sw":"1.7.6-beta.5+e0e0d3b (23-09-2026)","url":"https://github.com/rvdbreemen/OTGW-firmware"}}
2026-09-24T20:40:47+0200 homeassistant/sensor/otgw-84F3EB22B8E1/otgw-firmware_stats_ws_drops/config {"avty_t":"OTGW/value/otgw-84F3EB22B8E1","dev":{"identifiers":"otgw-84F3EB22B8E1"},"uniq_id":"otgw-84F3EB22B8E1-otgw-firmware_stats_ws_drops","name":"Stats WS Drops","stat_t":"OTGW/value/otgw-84F3EB22B8E1/otgw-firmware/stats/ws_drops","state_class":"total_increasing","icon":"mdi:counter","entity_category":"diagnostic","value_template":"{{ value }}","origin":{"name":"OTGW-firmware","sw":"1.7.6-beta.5+e0e0d3b (23-09-2026)","url":"https://github.com/rvdbreemen/OTGW-firmware"}}
2026-09-24T20:40:47+0200 homeassistant/sensor/otgw-84F3EB22B8E1/otgw-firmware_stats_mqtt_drops/config {"avty_t":"OTGW/value/otgw-84F3EB22B8E1","dev":{"identifiers":"otgw-84F3EB22B8E1"},"uniq_id":"otgw-84F3EB22B8E1-otgw-firmware_stats_mqtt_drops","name":"Stats MQTT Drops","stat_t":"OTGW/value/otgw-84F3EB22B8E1/otgw-firmware/stats/mqtt_drops","state_class":"total_increasing","icon":"mdi:counter","entity_category":"diagnostic","value_template":"{{ value }}","origin":{"name":"OTGW-firmware","sw":"1.7.6-beta.5+e0e0d3b (23-09-2026)","url":"https://github.com/rvdbreemen/OTGW-firmware"}}
2026-09-24T20:40:47+0200 homeassistant/sensor/otgw-84F3EB22B8E1/otgw-firmware_stats_enter_low/config {"avty_t":"OTGW/value/otgw-84F3EB22B8E1","dev":{"identifiers":"otgw-84F3EB22B8E1"},"uniq_id":"otgw-84F3EB22B8E1-otgw-firmware_stats_enter_low","name":"Stats Enter Low","stat_t":"OTGW/value/otgw-84F3EB22B8E1/otgw-firmware/stats/enter_low","state_class":"total_increasing","icon":"mdi:counter","entity_category":"diagnostic","value_template":"{{ value }}","origin":{"name":"OTGW-firmware","sw":"1.7.6-beta.5+e0e0d3b (23-09-2026)","url":"https://github.com/rvdbreemen/OTGW-firmware"}}
2026-09-24T20:40:47+0200 homeassistant/sensor/otgw-84F3EB22B8E1/otgw-firmware_reboot_count/config {"avty_t":"OTGW/value/otgw-84F3EB22B8E1","dev":{"identifiers":"otgw-84F3EB22B8E1"},"uniq_id":"otgw-84F3EB22B8E1-otgw-firmware_reboot_count","name":"Reboot Count","stat_t":"OTGW/value/otgw-84F3EB22B8E1/otgw-firmware/reboot_count","state_class":"total_increasing","icon":"mdi:counter","entity_category":"diagnostic","value_template":"{{ value }}","origin":{"name":"OTGW-firmware","sw":"1.7.6-beta.5+e0e0d3b (23-09-2026)","url":"https://github.com/rvdbreemen/OTGW-firmware"}}
2026-09-24T20:40:47+0200 homeassistant/sensor/otgw-84F3EB22B8E1/otgw-firmware_reboot_reason/config {"avty_t":"OTGW/value/otgw-84F3EB22B8E1","dev":{"identifiers":"otgw-84F3EB22B8E1"},"uniq_id":"otgw-84F3EB22B8E1-otgw-firmware_reboot_reason","name":"Reboot Reason","stat_t":"OTGW/value/otgw-84F3EB22B8E1/otgw-firmware/reboot_reason","icon":"mdi:information-outline","entity_category":"diagnostic","value_template":"{{ value }}","origin":{"name":"OTGW-firmware","sw":"1.7.6-beta.5+e0e0d3b (23-09-2026)","url":"https://github.com/rvdbreemen/OTGW-firmware"}}
2026-09-24T20:40:47+0200 homeassistant/sensor/otgw-84F3EB22B8E1/otgw-firmware_version/config {"avty_t":"OTGW/value/otgw-84F3EB22B8E1","dev":{"identifiers":"otgw-84F3EB22B8E1"},"uniq_id":"otgw-84F3EB22B8E1-otgw-firmware_version","name":"Firmware Version","stat_t":"OTGW/value/otgw-84F3EB22B8E1/otgw-firmware/version","icon":"mdi:information-outline","entity_category":"diagnostic","value_template":"{{ value }}","origin":{"name":"OTGW-firmware","sw":"1.7.6-beta.5+e0e0d3b (23-09-2026)","url":"https://github.com/rvdbreemen/OTGW-firmware"}}
2026-09-24T20:40:47+0200 homeassistant/sensor/otgw-84F3EB22B8E1/otgw-firmware_hostname/config {"avty_t":"OTGW/value/otgw-84F3EB22B8E1","dev":{"identifiers":"otgw-84F3EB22B8E1"},"uniq_id":"otgw-84F3EB22B8E1-otgw-firmware_hostname","name":"Hostname","stat_t":"OTGW/value/otgw-84F3EB22B8E1/otgw-firmware/hostname","icon":"mdi:information-outline","entity_category":"diagnostic","value_template":"{{ value }}","origin":{"name":"OTGW-firmware","sw":"1.7.6-beta.5+e0e0d3b (23-09-2026)","url":"https://github.com/rvdbreemen/OTGW-firmware"}}
2026-09-24T20:40:47+0200 homeassistant/sensor/otgw-84F3EB22B8E1/otgw-firmware_uptime/config {"avty_t":"OTGW/value/otgw-84F3EB22B8E1","dev":{"identifiers":"otgw-84F3EB22B8E1"},"uniq_id":"otgw-84F3EB22B8E1-otgw-firmware_uptime","name":"Uptime","stat_t":"OTGW/value/otgw-84F3EB22B8E1/otgw-firmware/uptime","unit_of_measurement":"s","state_class":"measurement","icon":"mdi:timer-outline","entity_category":"diagnostic","value_template":"{{ value }}","origin":{"name":"OTGW-firmware","sw":"1.7.6-beta.5+e0e0d3b (23-09-2026)","url":"https://github.com/rvdbreemen/OTGW-firmware"}}
2026-09-24T20:40:47+0200 homeassistant/sensor/otgw-84F3EB22B8E1/version/config {"avty_t":"OTGW/value/otgw-84F3EB22B8E1","dev":{"identifiers":"otgw-84F3EB22B8E1"},"uniq_id":"otgw-84F3EB22B8E1-version","name":"PIC Version","stat_t":"OTGW/value/otgw-84F3EB22B8E1/otgw-pic/version","icon":"mdi:information-outline","entity_category":"diagnostic","value_template":"{{ value }}","origin":{"name":"OTGW-firmware","sw":"1.7.6-beta.5+e0e0d3b (23-09-2026)","url":"https://github.com/rvdbreemen/OTGW-firmware"}}
2026-09-24T20:40:47+0200 homeassistant/sensor/otgw-84F3EB22B8E1/deviceid/config {"avty_t":"OTGW/value/otgw-84F3EB22B8E1","dev":{"identifiers":"otgw-84F3EB22B8E1"},"uniq_id":"otgw-84F3EB22B8E1-deviceid","name":"PIC DeviceID","stat_t":"OTGW/value/otgw-84F3EB22B8E1/otgw-pic/deviceid","icon":"mdi:information-outline","entity_category":"diagnostic","value_template":"{{ value }}","origin":{"name":"OTGW-firmware","sw":"1.7.6-beta.5+e0e0d3b (23-09-2026)","url":"https://github.com/rvdbreemen/OTGW-firmware"}}
2026-09-24T20:40:47+0200 homeassistant/sensor/otgw-84F3EB22B8E1/firmwaretype/config {"avty_t":"OTGW/value/otgw-84F3EB22B8E1","dev":{"identifiers":"otgw-84F3EB22B8E1"},"uniq_id":"otgw-84F3EB22B8E1-firmwaretype","name":"PIC FirmwareType","stat_t":"OTGW/value/otgw-84F3EB22B8E1/otgw-pic/firmwaretype","icon":"mdi:information-outline","entity_category":"diagnostic","value_template":"{{ value }}","origin":{"name":"OTGW-firmware","sw":"1.7.6-beta.5+e0e0d3b (23-09-2026)","url":"https://github.com/rvdbreemen/OTGW-firmware"}}
2026-09-24T20:40:47+0200 homeassistant/sensor/otgw-84F3EB22B8E1/designer/config {"avty_t":"OTGW/value/otgw-84F3EB22B8E1","dev":{"identifiers":"otgw-84F3EB22B8E1"},"uniq_id":"otgw-84F3EB22B8E1-designer","name":"PIC Designer","stat_t":"OTGW/value/otgw-84F3EB22B8E1/otgw-pic/designer","icon":"mdi:information-outline","entity_category":"diagnostic","value_template":"{{ value }}","origin":{"name":"OTGW-firmware","sw":"1.7.6-beta.5+e0e0d3b (23-09-2026)","url":"https://github.com/rvdbreemen/OTGW-firmware"}}
2026-09-24T20:40:47+0200 homeassistant/sensor/otgw-84F3EB22B8E1/picavailable/config {"avty_t":"OTGW/value/otgw-84F3EB22B8E1","dev":{"identifiers":"otgw-84F3EB22B8E1"},"uniq_id":"otgw-84F3EB22B8E1-picavailable","name":"PIC Available","stat_t":"OTGW/value/otgw-84F3EB22B8E1/otgw-pic/picavailable","icon":"mdi:information-outline","entity_category":"diagnostic","value_template":"{{ value }}","origin":{"name":"OTGW-firmware","sw":"1.7.6-beta.5+e0e0d3b (23-09-2026)","url":"https://github.com/rvdbreemen/OTGW-firmware"}}
2026-09-24T20:40:47+0200 homeassistant/sensor/otgw-84F3EB22B8E1/settings_setpoint_override/config {"avty_t":"OTGW/value/otgw-84F3EB22B8E1","dev":{"identifiers":"otgw-84F3EB22B8E1"},"uniq_id":"otgw-84F3EB22B8E1-settings_setpoint_override","name":"PIC Setpoint Override","stat_t":"OTGW/value/otgw-84F3EB22B8E1/otgw-pic/settings/setpoint_override","icon":"mdi:information-outline","entity_category":"diagnostic","value_template":"{{ value }}","origin":{"name":"OTGW-firmware","sw":"1.7.6-beta.5+e0e0d3b (23-09-2026)","url":"https://github.com/rvdbreemen/OTGW-firmware"}}
2026-09-24T20:40:47+0200 homeassistant/sensor/otgw-84F3EB22B8E1/settings_setback/config {"avty_t":"OTGW/value/otgw-84F3EB22B8E1","dev":{"identifiers":"otgw-84F3EB22B8E1"},"uniq_id":"otgw-84F3EB22B8E1-settings_setback","name":"PIC Setback","stat_t":"OTGW/value/otgw-84F3EB22B8E1/otgw-pic/settings/setback","icon":"mdi:information-outline","entity_category":"diagnostic","value_template":"{{ value }}","origin":{"name":"OTGW-firmware","sw":"1.7.6-beta.5+e0e0d3b (23-09-2026)","url":"https://github.com/rvdbreemen/OTGW-firmware"}}
2026-09-24T20:40:47+0200 homeassistant/binary_sensor/otgw-84F3EB22B8E1/centralheating/config {"avty_t":"OTGW/value/otgw-84F3EB22B8E1","dev":{"identifiers":"otgw-84F3EB22B8E1","manufacturer":"NodoShop","model":"OTGW","name":"OpenTherm Gateway (OTGW)","sw_version":"1.7.6-beta.5+e0e0d3b (23-09-2026)"},"uniq_id":"otgw-84F3EB22B8E1-centralheating","name":"Central Heating","stat_t":"OTGW/value/otgw-84F3EB22B8E1/centralheating","icon":"mdi:radiator","origin":{"name":"OTGW-firmware","sw":"1.7.6-beta.5+e0e0d3b (23-09-2026)","url":"https://github.com/rvdbreemen/OTGW-firmware"}}
2026-09-24T20:40:47+0200 homeassistant/binary_sensor/otgw-84F3EB22B8E1/centralheating2/config {"avty_t":"OTGW/value/otgw-84F3EB22B8E1","dev":{"identifiers":"otgw-84F3EB22B8E1","manufacturer":"NodoShop","model":"OTGW","name":"OpenTherm Gateway (OTGW)","sw_version":"1.7.6-beta.5+e0e0d3b (23-09-2026)"},"uniq_id":"otgw-84F3EB22B8E1-centralheating2","name":"Central Heating 2","stat_t":"OTGW/value/otgw-84F3EB22B8E1/centralheating2","icon":"mdi:radiator","origin":{"name":"OTGW-firmware","sw":"1.7.6-beta.5+e0e0d3b (23-09-2026)","url":"https://github.com/rvdbreemen/OTGW-firmware"}}
2026-09-24T20:40:47+0200 homeassistant/binary_sensor/otgw-84F3EB22B8E1/ch2_enable/config {"avty_t":"OTGW/value/otgw-84F3EB22B8E1","dev":{"identifiers":"otgw-84F3EB22B8E1","manufacturer":"NodoShop","model":"OTGW","name":"OpenTherm Gateway (OTGW)","sw_version":"1.7.6-beta.5+e0e0d3b (23-09-2026)"},"uniq_id":"otgw-84F3EB22B8E1-ch2_enable","name":"Central Heating 2 Enable","stat_t":"OTGW/value/otgw-84F3EB22B8E1/ch2_enable","icon":"mdi:toggle-switch","enabled_by_default":false,"origin":{"name":"OTGW-firmware","sw":"1.7.6-beta.5+e0e0d3b (23-09-2026)","url":"https://github.com/rvdbreemen/OTGW-firmware"}}
2026-09-24T20:40:47+0200 homeassistant/binary_sensor/otgw-84F3EB22B8E1/ch_enable/config {"avty_t":"OTGW/value/otgw-84F3EB22B8E1","dev":{"identifiers":"otgw-84F3EB22B8E1","manufacturer":"NodoShop","model":"OTGW","name":"OpenTherm Gateway (OTGW)","sw_version":"1.7.6-beta.5+e0e0d3b (23-09-2026)"},"uniq_id":"otgw-84F3EB22B8E1-ch_enable","name":"Central Heating Enable","stat_t":"OTGW/value/otgw-84F3EB22B8E1/ch_enable","icon":"mdi:radiator","origin":{"name":"OTGW-firmware","sw":"1.7.6-beta.5+e0e0d3b (23-09-2026)","url":"https://github.com/rvdbreemen/OTGW-firmware"}}
2026-09-24T20:40:47+0200 homeassistant/binary_sensor/otgw-84F3EB22B8E1/cooling/config {"avty_t":"OTGW/value/otgw-84F3EB22B8E1","dev":{"identifiers":"otgw-84F3EB22B8E1","manufacturer":"NodoShop","model":"OTGW","name":"OpenTherm Gateway (OTGW)","sw_version":"1.7.6-beta.5+e0e0d3b (23-09-2026)"},"uniq_id":"otgw-84F3EB22B8E1-cooling","name":"Cooling","stat_t":"OTGW/value/otgw-84F3EB22B8E1/cooling","icon":"mdi:snowflake","origin":{"name":"OTGW-firmware","sw":"1.7.6-beta.5+e0e0d3b (23-09-2026)","url":"https://github.com/rvdbreemen/OTGW-firmware"}}
2026-09-24T20:40:47+0200 homeassistant/binary_sensor/otgw-84F3EB22B8E1/cooling_enable/config {"avty_t":"OTGW/value/otgw-84F3EB22B8E1","dev":{"identifiers":"otgw-84F3EB22B8E1","manufacturer":"NodoShop","model":"OTGW","name":"OpenTherm Gateway (OTGW)","sw_version":"1.7.6-beta.5+e0e0d3b (23-09-2026)"},"uniq_id":"otgw-84F3EB22B8E1-cooling_enable","name":"Cooling Enable","stat_t":"OTGW/value/otgw-84F3EB22B8E1/cooling_enable","icon":"mdi:snowflake","origin":{"name":"OTGW-firmware","sw":"1.7.6-beta.5+e0e0d3b (23-09-2026)","url":"https://github.com/rvdbreemen/OTGW-firmware"}}
2026-09-24T20:40:47+0200 homeassistant/binary_sensor/otgw-84F3EB22B8E1/dhw_blocking/config {"avty_t":"OTGW/value/otgw-84F3EB22B8E1","dev":{"identifiers":"otgw-84F3EB22B8E1","manufacturer":"NodoShop","model":"OTGW","name":"OpenTherm Gateway (OTGW)","sw_version":"1.7.6-beta.5+e0e0d3b (23-09-2026)"},"uniq_id":"otgw-84F3EB22B8E1-dhw_blocking","name":"DHW Blocking","stat_t":"OTGW/value/otgw-84F3EB22B8E1/dhw_blocking","icon":"mdi:water-boiler","origin":{"name":"OTGW-firmware","sw":"1.7.6-beta.5+e0e0d3b (23-09-2026)","url":"https://github.com/rvdbreemen/OTGW-firmware"}}
2026-09-24T20:40:47+0200 homeassistant/binary_sensor/otgw-84F3EB22B8E1/dhw_enable/config {"avty_t":"OTGW/value/otgw-84F3EB22B8E1","dev":{"identifiers":"otgw-84F3EB22B8E1","manufacturer":"NodoShop","model":"OTGW","name":"OpenTherm Gateway (OTGW)","sw_version":"1.7.6-beta.5+e0e0d3b (23-09-2026)"},"uniq_id":"otgw-84F3EB22B8E1-dhw_enable","name":"Domestic Hot Water Enable","stat_t":"OTGW/value/otgw-84F3EB22B8E1/dhw_enable","icon":"mdi:water-boiler","origin":{"name":"OTGW-firmware","sw":"1.7.6-beta.5+e0e0d3b (23-09-2026)","url":"https://github.com/rvdbreemen/OTGW-firmware"}}
2026-09-24T20:40:47+0200 homeassistant/binary_sensor/otgw-84F3EB22B8E1/diagnostic_indicator/config {"avty_t":"OTGW/value/otgw-84F3EB22B8E1","dev":{"identifiers":"otgw-84F3EB22B8E1","manufacturer":"NodoShop","model":"OTGW","name":"OpenTherm Gateway (OTGW)","sw_version":"1.7.6-beta.5+e0e0d3b (23-09-2026)"},"uniq_id":"otgw-84F3EB22B8E1-diagnostic_indicator","name":"Diagnostic Indicator","stat_t":"OTGW/value/otgw-84F3EB22B8E1/diagnostic_indicator","icon":"mdi:information","origin":{"name":"OTGW-firmware","sw":"1.7.6-beta.5+e0e0d3b (23-09-2026)","url":"https://github.com/rvdbreemen/OTGW-firmware"}}
2026-09-24T20:40:47+0200 homeassistant/binary_sensor/otgw-84F3EB22B8E1/domestichotwater/config {"avty_t":"OTGW/value/otgw-84F3EB22B8E1","dev":{"identifiers":"otgw-84F3EB22B8E1","manufacturer":"NodoShop","model":"OTGW","name":"OpenTherm Gateway (OTGW)","sw_version":"1.7.6-beta.5+e0e0d3b (23-09-2026)"},"uniq_id":"otgw-84F3EB22B8E1-domestichotwater","name":"Domestic Hot Water","stat_t":"OTGW/value/otgw-84F3EB22B8E1/domestichotwater","icon":"mdi:water-boiler","origin":{"name":"OTGW-firmware","sw":"1.7.6-beta.5+e0e0d3b (23-09-2026)","url":"https://github.com/rvdbreemen/OTGW-firmware"}}
2026-09-24T20:40:47+0200 homeassistant/binary_sensor/otgw-84F3EB22B8E1/electric_production/config {"avty_t":"OTGW/value/otgw-84F3EB22B8E1","dev":{"identifiers":"otgw-84F3EB22B8E1","manufacturer":"NodoShop","model":"OTGW","name":"OpenTherm Gateway (OTGW)","sw_version":"1.7.6-beta.5+e0e0d3b (23-09-2026)"},"uniq_id":"otgw-84F3EB22B8E1-electric_production","name":"Electric Production","stat_t":"OTGW/value/otgw-84F3EB22B8E1/electric_production","icon":"mdi:checkbox-marked-circle","origin":{"name":"OTGW-firmware","sw":"1.7.6-beta.5+e0e0d3b (23-09-2026)","url":"https://github.com/rvdbreemen/OTGW-firmware"}}
2026-09-24T20:40:47+0200 homeassistant/binary_sensor/otgw-84F3EB22B8E1/fault/config {"avty_t":"OTGW/value/otgw-84F3EB22B8E1","dev":{"identifiers":"otgw-84F3EB22B8E1","manufacturer":"NodoShop","model":"OTGW","name":"OpenTherm Gateway (OTGW)","sw_version":"1.7.6-beta.5+e0e0d3b (23-09-2026)"},"uniq_id":"otgw-84F3EB22B8E1-fault","name":"Fault","stat_t":"OTGW/value/otgw-84F3EB22B8E1/fault","icon":"mdi:alert-circle","origin":{"name":"OTGW-firmware","sw":"1.7.6-beta.5+e0e0d3b (23-09-2026)","url":"https://github.com/rvdbreemen/OTGW-firmware"}}
2026-09-24T20:40:47+0200 homeassistant/binary_sensor/otgw-84F3EB22B8E1/flame/config {"avty_t":"OTGW/value/otgw-84F3EB22B8E1","dev":{"identifiers":"otgw-84F3EB22B8E1","manufacturer":"NodoShop","model":"OTGW","name":"OpenTherm Gateway (OTGW)","sw_version":"1.7.6-beta.5+e0e0d3b (23-09-2026)"},"uniq_id":"otgw-84F3EB22B8E1-flame","name":"Flame","stat_t":"OTGW/value/otgw-84F3EB22B8E1/flame","icon":"mdi:fire","origin":{"name":"OTGW-firmware","sw":"1.7.6-beta.5+e0e0d3b (23-09-2026)","url":"https://github.com/rvdbreemen/OTGW-firmware"}}
2026-09-24T20:40:47+0200 homeassistant/binary_sensor/otgw-84F3EB22B8E1/otc_active/config {"avty_t":"OTGW/value/otgw-84F3EB22B8E1","dev":{"identifiers":"otgw-84F3EB22B8E1","manufacturer":"NodoShop","model":"OTGW","name":"OpenTherm Gateway (OTGW)","sw_version":"1.7.6-beta.5+e0e0d3b (23-09-2026)"},"uniq_id":"otgw-84F3EB22B8E1-otc_active","name":"OTC Enable","stat_t":"OTGW/value/otgw-84F3EB22B8E1/otc_active","icon":"mdi:information","origin":{"name":"OTGW-firmware","sw":"1.7.6-beta.5+e0e0d3b (23-09-2026)","url":"https://github.com/rvdbreemen/OTGW-firmware"}}
2026-09-24T20:40:47+0200 homeassistant/binary_sensor/otgw-84F3EB22B8E1/summerwintertime/config {"avty_t":"OTGW/value/otgw-84F3EB22B8E1","dev":{"identifiers":"otgw-84F3EB22B8E1","manufacturer":"NodoShop","model":"OTGW","name":"OpenTherm Gateway (OTGW)","sw_version":"1.7.6-beta.5+e0e0d3b (23-09-2026)"},"uniq_id":"otgw-84F3EB22B8E1-summerwintertime","name":"Summer Winter Time","stat_t":"OTGW/value/otgw-84F3EB22B8E1/summerwintertime","icon":"mdi:checkbox-marked-circle","origin":{"name":"OTGW-firmware","sw":"1.7.6-beta.5+e0e0d3b (23-09-2026)","url":"https://github.com/rvdbreemen/OTGW-firmware"}}
2026-09-24T20:40:47+0200 homeassistant/binary_sensor/otgw-84F3EB22B8E1/boiler_connected/config {"avty_t":"OTGW/value/otgw-84F3EB22B8E1","dev":{"identifiers":"otgw-84F3EB22B8E1","manufacturer":"NodoShop","model":"OTGW","name":"OpenTherm Gateway (OTGW)","sw_version":"1.7.6-beta.5+e0e0d3b (23-09-2026)"},"uniq_id":"otgw-84F3EB22B8E1-boiler_connected","name":"Boiler Connected","stat_t":"OTGW/value/otgw-84F3EB22B8E1/otgw-pic/boiler_connected","icon":"mdi:lan-connect","origin":{"name":"OTGW-firmware","sw":"1.7.6-beta.5+e0e0d3b (23-09-2026)","url":"https://github.com/rvdbreemen/OTGW-firmware"}}
2026-09-24T20:40:47+0200 homeassistant/binary_sensor/otgw-84F3EB22B8E1/thermostat_connected/config {"avty_t":"OTGW/value/otgw-84F3EB22B8E1","dev":{"identifiers":"otgw-84F3EB22B8E1","manufacturer":"NodoShop","model":"OTGW","name":"OpenTherm Gateway (OTGW)","sw_version":"1.7.6-beta.5+e0e0d3b (23-09-2026)"},"uniq_id":"otgw-84F3EB22B8E1-thermostat_connected","name":"Thermostat Connected","stat_t":"OTGW/value/otgw-84F3EB22B8E1/otgw-pic/thermostat_connected","icon":"mdi:lan-connect","origin":{"name":"OTGW-firmware","sw":"1.7.6-beta.5+e0e0d3b (23-09-2026)","url":"https://github.com/rvdbreemen/OTGW-firmware"}}
2026-09-24T20:40:47+0200 homeassistant/binary_sensor/otgw-84F3EB22B8E1/gateway_mode/config {"avty_t":"OTGW/value/otgw-84F3EB22B8E1","dev":{"identifiers":"otgw-84F3EB22B8E1"},"uniq_id":"otgw-84F3EB22B8E1-gateway_mode","name":"Gateway Mode","stat_t":"OTGW/value/otgw-84F3EB22B8E1/otgw-pic/gateway_mode","icon":"mdi:lan-connect","entity_category":"diagnostic","origin":{"name":"OTGW-firmware","sw":"1.7.6-beta.5+e0e0d3b (23-09-2026)","url":"https://github.com/rvdbreemen/OTGW-firmware"}}
2026-09-24T20:40:47+0200 homeassistant/binary_sensor/otgw-84F3EB22B8E1/otgw_connected/config {"avty_t":"OTGW/value/otgw-84F3EB22B8E1","dev":{"identifiers":"otgw-84F3EB22B8E1"},"uniq_id":"otgw-84F3EB22B8E1-otgw_connected","name":"OTGW Connected","stat_t":"OTGW/value/otgw-84F3EB22B8E1/otgw-pic/otgw_connected","icon":"mdi:lan-connect","entity_category":"diagnostic","origin":{"name":"OTGW-firmware","sw":"1.7.6-beta.5+e0e0d3b (23-09-2026)","url":"https://github.com/rvdbreemen/OTGW-firmware"}}
2026-09-24T20:40:47+0200 homeassistant/climate/otgw-84F3EB22B8E1/climate/config {"action_template":"{{ value }}","action_topic":"OTGW/value/otgw-84F3EB22B8E1/hvac_action","avty_t":"OTGW/value/otgw-84F3EB22B8E1","dev":{"identifiers":"otgw-84F3EB22B8E1","manufacturer":"NodoShop","model":"OTGW","name":"OpenTherm Gateway (OTGW)","sw_version":"1.7.6-beta.5+e0e0d3b (23-09-2026)"},"name":"Thermostat","uniq_id":"otgw-84F3EB22B8E1-thermostat","modes":["off","heat","cool"],"mode_stat_t":"OTGW/value/otgw-84F3EB22B8E1/hvac_mode","mode_stat_tpl":"{{ value }}","curr_temp_t":"OTGW/value/otgw-84F3EB22B8E1/Tr","temp_stat_t":"OTGW/value/otgw-84F3EB22B8E1/TrSet","temp_cmd_t":"OTGW/set/otgw-84F3EB22B8E1/command","temp_cmd_tpl":"TT={{ value }}","initial":"20","min_temp":"12","max_temp":"30","temp_step":"0.5","precision":0.1,"temp_unit":"C","payload_off":0,"payload_on":1,"icon":"mdi:radiator","origin":{"name":"OTGW-firmware","sw":"1.7.6-beta.5+e0e0d3b (23-09-2026)","url":"https://github.com/rvdbreemen/OTGW-firmware"}}
2026-09-24T20:40:47+0200 homeassistant/climate/otgw-84F3EB22B8E1/dhw_control/config {"action_template":"{% if value == 'ON' %}heating{% else %}idle{% endif %}","action_topic":"OTGW/value/otgw-84F3EB22B8E1/domestichotwater","avty_t":"OTGW/value/otgw-84F3EB22B8E1","dev":{"identifiers":"otgw-84F3EB22B8E1","manufacturer":"NodoShop","model":"OTGW","name":"OpenTherm Gateway (OTGW)","sw_version":"1.7.6-beta.5+e0e0d3b (23-09-2026)"},"name":"DHW Control","uniq_id":"otgw-84F3EB22B8E1-dhw_control","optimistic":true,"modes":["off","auto"],"mode_stat_t":"OTGW/value/otgw-84F3EB22B8E1/dhw_enable","mode_stat_tpl":"{% if value == 'ON' %}auto{% else %}off{% endif %}","curr_temp_t":"OTGW/value/otgw-84F3EB22B8E1/Tdhw","temp_stat_t":"OTGW/value/otgw-84F3EB22B8E1/TdhwSet","temp_cmd_t":"OTGW/set/otgw-84F3EB22B8E1/command","temp_cmd_tpl":"SW={{ value }}","min_temp":"40","max_temp":"60","temp_step":"1","precision":1,"temp_unit":"C","icon":"mdi:water-boiler","origin":{"name":"OTGW-firmware","sw":"1.7.6-beta.5+e0e0d3b (23-09-2026)","url":"https://github.com/rvdbreemen/OTGW-firmware"}}
2026-09-24T20:40:47+0200 homeassistant/number/otgw-84F3EB22B8E1/Toutside_override/config {"avty_t":"OTGW/value/otgw-84F3EB22B8E1","dev":{"identifiers":"otgw-84F3EB22B8E1"},"uniq_id":"otgw-84F3EB22B8E1-Toutside_override","device_class":"temperature","name":"Outside Temperature Override","cmd_t":"OTGW/set/otgw-84F3EB22B8E1/outside","stat_t":"OTGW/value/otgw-84F3EB22B8E1/Toutside/override","unit_of_measurement":"°C","min":-40,"max":50,"step":0.5,"mode":"box","icon":"mdi:thermometer","origin":{"name":"OTGW-firmware","sw":"1.7.6-beta.5+e0e0d3b (23-09-2026)","url":"https://github.com/rvdbreemen/OTGW-firmware"}}
2026-09-24T20:40:47+0200 homeassistant/button/otgw-84F3EB22B8E1/resetgateway/config {"avty_t":"OTGW/value/otgw-84F3EB22B8E1","dev":{"identifiers":"otgw-84F3EB22B8E1"},"uniq_id":"otgw-84F3EB22B8E1-resetgateway","name":"Reset Gateway","cmd_t":"OTGW/set/otgw-84F3EB22B8E1/resetgateway","payload_press":"1","entity_category":"config","icon":"mdi:restart","origin":{"name":"OTGW-firmware","sw":"1.7.6-beta.5+e0e0d3b (23-09-2026)","url":"https://github.com/rvdbreemen/OTGW-firmware"}}
2026-09-24T20:40:47+0200 homeassistant/select/otgw-84F3EB22B8E1/gpioa/config {"avty_t":"OTGW/value/otgw-84F3EB22B8E1","dev":{"identifiers":"otgw-84F3EB22B8E1"},"uniq_id":"otgw-84F3EB22B8E1-gpioa","name":"GPIO A Function","stat_t":"OTGW/value/otgw-84F3EB22B8E1/otgw-pic/settings/gpio","value_template":"{{ value[0] }}","cmd_t":"OTGW/set/otgw-84F3EB22B8E1/gpioa","options":["0","1","2","3","4","5","6","7"],"entity_category":"config","icon":"mdi:pin","origin":{"name":"OTGW-firmware","sw":"1.7.6-beta.5+e0e0d3b (23-09-2026)","url":"https://github.com/rvdbreemen/OTGW-firmware"}}
2026-09-24T20:40:47+0200 homeassistant/select/otgw-84F3EB22B8E1/gpiob/config {"avty_t":"OTGW/value/otgw-84F3EB22B8E1","dev":{"identifiers":"otgw-84F3EB22B8E1"},"uniq_id":"otgw-84F3EB22B8E1-gpiob","name":"GPIO B Function","stat_t":"OTGW/value/otgw-84F3EB22B8E1/otgw-pic/settings/gpio","value_template":"{{ value[1] }}","cmd_t":"OTGW/set/otgw-84F3EB22B8E1/gpiob","options":["0","1","2","3","4","5","6","7"],"entity_category":"config","icon":"mdi:pin","origin":{"name":"OTGW-firmware","sw":"1.7.6-beta.5+e0e0d3b (23-09-2026)","url":"https://github.com/rvdbreemen/OTGW-firmware"}}
2026-09-24T20:40:47+0200 homeassistant/select/otgw-84F3EB22B8E1/leda/config {"avty_t":"OTGW/value/otgw-84F3EB22B8E1","dev":{"identifiers":"otgw-84F3EB22B8E1"},"uniq_id":"otgw-84F3EB22B8E1-leda","name":"LED A Function","stat_t":"OTGW/value/otgw-84F3EB22B8E1/otgw-pic/settings/led","value_template":"{{ value[0] }}","cmd_t":"OTGW/set/otgw-84F3EB22B8E1/leda","options":["B","C","E","F","H","M","O","P","R","T","W","X"],"entity_category":"config","icon":"mdi:led-outline","origin":{"name":"OTGW-firmware","sw":"1.7.6-beta.5+e0e0d3b (23-09-2026)","url":"https://github.com/rvdbreemen/OTGW-firmware"}}
2026-09-24T20:40:47+0200 homeassistant/select/otgw-84F3EB22B8E1/ledb/config {"avty_t":"OTGW/value/otgw-84F3EB22B8E1","dev":{"identifiers":"otgw-84F3EB22B8E1"},"uniq_id":"otgw-84F3EB22B8E1-ledb","name":"LED B Function","stat_t":"OTGW/value/otgw-84F3EB22B8E1/otgw-pic/settings/led","value_template":"{{ value[1] }}","cmd_t":"OTGW/set/otgw-84F3EB22B8E1/ledb","options":["B","C","E","F","H","M","O","P","R","T","W","X"],"entity_category":"config","icon":"mdi:led-outline","origin":{"name":"OTGW-firmware","sw":"1.7.6-beta.5+e0e0d3b (23-09-2026)","url":"https://github.com/rvdbreemen/OTGW-firmware"}}
2026-09-24T20:40:47+0200 homeassistant/select/otgw-84F3EB22B8E1/ledc/config {"avty_t":"OTGW/value/otgw-84F3EB22B8E1","dev":{"identifiers":"otgw-84F3EB22B8E1"},"uniq_id":"otgw-84F3EB22B8E1-ledc","name":"LED C Function","stat_t":"OTGW/value/otgw-84F3EB22B8E1/otgw-pic/settings/led","value_template":"{{ value[2] }}","cmd_t":"OTGW/set/otgw-84F3EB22B8E1/ledc","options":["B","C","E","F","H","M","O","P","R","T","W","X"],"entity_category":"config","icon":"mdi:led-outline","origin":{"name":"OTGW-firmware","sw":"1.7.6-beta.5+e0e0d3b (23-09-2026)","url":"https://github.com/rvdbreemen/OTGW-firmware"}}
2026-09-24T20:40:47+0200 homeassistant/select/otgw-84F3EB22B8E1/ledd/config {"avty_t":"OTGW/value/otgw-84F3EB22B8E1","dev":{"identifiers":"otgw-84F3EB22B8E1"},"uniq_id":"otgw-84F3EB22B8E1-ledd","name":"LED D Function","stat_t":"OTGW/value/otgw-84F3EB22B8E1/otgw-pic/settings/led","value_template":"{{ value[3] }}","cmd_t":"OTGW/set/otgw-84F3EB22B8E1/ledd","options":["B","C","E","F","H","M","O","P","R","T","W","X"],"entity_category":"config","icon":"mdi:led-outline","origin":{"name":"OTGW-firmware","sw":"1.7.6-beta.5+e0e0d3b (23-09-2026)","url":"https://github.com/rvdbreemen/OTGW-firmware"}}
2026-09-24T20:40:47+0200 homeassistant/select/otgw-84F3EB22B8E1/lede/config {"avty_t":"OTGW/value/otgw-84F3EB22B8E1","dev":{"identifiers":"otgw-84F3EB22B8E1"},"uniq_id":"otgw-84F3EB22B8E1-lede","name":"LED E Function","stat_t":"OTGW/value/otgw-84F3EB22B8E1/otgw-pic/settings/led","value_template":"{{ value[4] }}","cmd_t":"OTGW/set/otgw-84F3EB22B8E1/lede","options":["B","C","E","F","H","M","O","P","R","T","W","X"],"entity_category":"config","icon":"mdi:led-outline","origin":{"name":"OTGW-firmware","sw":"1.7.6-beta.5+e0e0d3b (23-09-2026)","url":"https://github.com/rvdbreemen/OTGW-firmware"}}
2026-09-24T20:40:47+0200 homeassistant/select/otgw-84F3EB22B8E1/ledf/config {"avty_t":"OTGW/value/otgw-84F3EB22B8E1","dev":{"identifiers":"otgw-84F3EB22B8E1"},"uniq_id":"otgw-84F3EB22B8E1-ledf","name":"LED F Function","stat_t":"OTGW/value/otgw-84F3EB22B8E1/otgw-pic/settings/led","value_template":"{{ value[5] }}","cmd_t":"OTGW/set/otgw-84F3EB22B8E1/ledf","options":["B","C","E","F","H","M","O","P","R","T","W","X"],"entity_category":"config","icon":"mdi:led-outline","origin":{"name":"OTGW-firmware","sw":"1.7.6-beta.5+e0e0d3b (23-09-2026)","url":"https://github.com/rvdbreemen/OTGW-firmware"}}
2026-09-24T20:40:50+0200 OTGW/value/otgw-84F3EB22B8E1/event_report PR: M=G
2026-09-24T20:40:52+0200 OTGW/value/otgw-84F3EB22B8E1/status_master -----W--
2026-09-24T20:40:52+0200 OTGW/value/otgw-84F3EB22B8E1/ch_enable OFF
2026-09-24T20:40:52+0200 OTGW/value/otgw-84F3EB22B8E1/dhw_enable OFF
2026-09-24T20:40:53+0200 OTGW/value/otgw-84F3EB22B8E1/cooling_enable OFF
2026-09-24T20:40:53+0200 OTGW/value/otgw-84F3EB22B8E1/otc_active OFF
2026-09-24T20:40:53+0200 OTGW/value/otgw-84F3EB22B8E1/ch2_enable OFF
2026-09-24T20:40:53+0200 OTGW/value/otgw-84F3EB22B8E1/summerwintertime OFF
2026-09-24T20:40:53+0200 OTGW/value/otgw-84F3EB22B8E1/dhw_blocking OFF
2026-09-24T20:41:02+0200 OTGW/value/otgw-84F3EB22B8E1/otgw-pic/thermostat_connected ON
2026-09-24T20:41:02+0200 OTGW/value/otgw-84F3EB22B8E1/hvac_mode heat
2026-09-24T20:41:02+0200 OTGW/value/otgw-84F3EB22B8E1/hvac_action idle
2026-09-24T20:41:02+0200 OTGW/value/otgw-84F3EB22B8E1/otgw-pic/otgw_connected ON
2026-09-24T20:41:03+0200 OTGW/value/otgw-84F3EB22B8E1/otgw-pic/boiler_connected ON
2026-09-24T20:41:03+0200 OTGW/value/otgw-84F3EB22B8E1/status_master CD---W--
2026-09-24T20:41:03+0200 OTGW/value/otgw-84F3EB22B8E1/ch_enable ON
2026-09-24T20:41:03+0200 OTGW/value/otgw-84F3EB22B8E1/dhw_enable ON
2026-09-24T20:41:03+0200 OTGW/value/otgw-84F3EB22B8E1/status_slave --------
2026-09-24T20:41:03+0200 OTGW/value/otgw-84F3EB22B8E1/fault OFF
2026-09-24T20:41:03+0200 OTGW/value/otgw-84F3EB22B8E1/centralheating OFF
2026-09-24T20:41:03+0200 OTGW/value/otgw-84F3EB22B8E1/domestichotwater OFF
2026-09-24T20:41:03+0200 OTGW/value/otgw-84F3EB22B8E1/flame OFF
2026-09-24T20:41:03+0200 OTGW/value/otgw-84F3EB22B8E1/cooling OFF
2026-09-24T20:41:03+0200 OTGW/value/otgw-84F3EB22B8E1/centralheating2 OFF
2026-09-24T20:41:03+0200 OTGW/value/otgw-84F3EB22B8E1/diagnostic_indicator OFF
2026-09-24T20:41:03+0200 OTGW/value/otgw-84F3EB22B8E1/electric_production OFF
2026-09-24T20:41:03+0200 OTGW/value/otgw-84F3EB22B8E1/hvac_action idle
2026-09-24T20:41:04+0200 OTGW/value/otgw-84F3EB22B8E1/TSet 40.00
2026-09-24T20:41:06+0200 homeassistant/sensor/otgw-84F3EB22B8E1/TSet/config {"avty_t":"OTGW/value/otgw-84F3EB22B8E1","dev":{"identifiers":"otgw-84F3EB22B8E1"},"uniq_id":"otgw-84F3EB22B8E1-TSet","name":"Control Setpoint","stat_t":"OTGW/value/otgw-84F3EB22B8E1/TSet","device_class":"temperature","unit_of_measurement":"°C","state_class":"measurement","icon":"mdi:thermometer","value_template":"{{ value }}","origin":{"name":"OTGW-firmware","sw":"1.7.6-beta.5+e0e0d3b (23-09-2026)","url":"https://github.com/rvdbreemen/OTGW-firmware"}}
2026-09-24T20:41:06+0200 OTGW/value/otgw-84F3EB22B8E1/Tboiler 45.00
2026-09-24T20:41:08+0200 OTGW/value/otgw-84F3EB22B8E1/status_slave -C-F----
2026-09-24T20:41:08+0200 OTGW/value/otgw-84F3EB22B8E1/centralheating ON
2026-09-24T20:41:08+0200 OTGW/value/otgw-84F3EB22B8E1/flame ON
2026-09-24T20:41:08+0200 OTGW/value/otgw-84F3EB22B8E1/hvac_action heating
2026-09-24T20:41:10+0200 OTGW/value/otgw-84F3EB22B8E1/Tret 35.00
2026-09-24T20:41:10+0200 homeassistant/sensor/otgw-84F3EB22B8E1/Tboiler/config {"avty_t":"OTGW/value/otgw-84F3EB22B8E1","dev":{"identifiers":"otgw-84F3EB22B8E1"},"uniq_id":"otgw-84F3EB22B8E1-Tboiler","name":"Boiler Flow Water Temperature","stat_t":"OTGW/value/otgw-84F3EB22B8E1/Tboiler","device_class":"temperature","unit_of_measurement":"°C","state_class":"measurement","icon":"mdi:thermometer","value_template":"{{ value }}","origin":{"name":"OTGW-firmware","sw":"1.7.6-beta.5+e0e0d3b (23-09-2026)","url":"https://github.com/rvdbreemen/OTGW-firmware"}}
2026-09-24T20:41:11+0200 OTGW/value/otgw-84F3EB22B8E1/RelModLevel 0.00
2026-09-24T20:41:12+0200 homeassistant/sensor/otgw-84F3EB22B8E1/RelModLevel/config {"avty_t":"OTGW/value/otgw-84F3EB22B8E1","dev":{"identifiers":"otgw-84F3EB22B8E1"},"uniq_id":"otgw-84F3EB22B8E1-RelModLevel","name":"Relative Modulation Level","stat_t":"OTGW/value/otgw-84F3EB22B8E1/RelModLevel","unit_of_measurement":"%","state_class":"measurement","icon":"mdi:percent-outline","value_template":"{{ value }}","origin":{"name":"OTGW-firmware","sw":"1.7.6-beta.5+e0e0d3b (23-09-2026)","url":"https://github.com/rvdbreemen/OTGW-firmware"}}
2026-09-24T20:41:13+0200 OTGW/value/otgw-84F3EB22B8E1/status_slave -C------
2026-09-24T20:41:13+0200 OTGW/value/otgw-84F3EB22B8E1/flame OFF
2026-09-24T20:41:14+0200 OTGW/value/otgw-84F3EB22B8E1/CHPressure 1.50
2026-09-24T20:41:17+0200 OTGW/value/otgw-84F3EB22B8E1/Tdhw 50.00
2026-09-24T20:41:17+0200 homeassistant/sensor/otgw-84F3EB22B8E1/CHPressure/config {"avty_t":"OTGW/value/otgw-84F3EB22B8E1","dev":{"identifiers":"otgw-84F3EB22B8E1"},"uniq_id":"otgw-84F3EB22B8E1-CHPressure","name":"Water Pressure In CH Circuit","stat_t":"OTGW/value/otgw-84F3EB22B8E1/CHPressure","unit_of_measurement":"bar","state_class":"measurement","icon":"mdi:gauge","value_template":"{{ value }}","origin":{"name":"OTGW-firmware","sw":"1.7.6-beta.5+e0e0d3b (23-09-2026)","url":"https://github.com/rvdbreemen/OTGW-firmware"}}
2026-09-24T20:41:17+0200 OTGW/value/otgw-84F3EB22B8E1/status_slave -CWF----
2026-09-24T20:41:17+0200 OTGW/value/otgw-84F3EB22B8E1/domestichotwater ON
2026-09-24T20:41:17+0200 OTGW/value/otgw-84F3EB22B8E1/flame ON
2026-09-24T20:41:18+0200 OTGW/value/otgw-84F3EB22B8E1/Tr 20.00
2026-09-24T20:41:19+0200 OTGW/value/otgw-84F3EB22B8E1/otgw-firmware/uptime 82754
2026-09-24T20:41:19+0200 OTGW/value/otgw-84F3EB22B8E1/otgw-firmware/hostname OTGW
2026-09-24T20:41:19+0200 OTGW/value/otgw-84F3EB22B8E1/otgw-firmware/version 1.7.6-beta.5+e0e0d3b
2026-09-24T20:41:19+0200 OTGW/value/otgw-84F3EB22B8E1/otgw-firmware/reboot_count 12
2026-09-24T20:41:19+0200 OTGW/value/otgw-84F3EB22B8E1/otgw-firmware/reboot_reason Software/System restart
2026-09-24T20:41:19+0200 OTGW/value/otgw-84F3EB22B8E1/otgw-pic/version 6.8
2026-09-24T20:41:19+0200 OTGW/value/otgw-84F3EB22B8E1/otgw-pic/deviceid pic16f1847
2026-09-24T20:41:19+0200 OTGW/value/otgw-84F3EB22B8E1/otgw-pic/firmwaretype gateway
2026-09-24T20:41:19+0200 OTGW/value/otgw-84F3EB22B8E1/otgw-pic/designer Schelte Bron
2026-09-24T20:41:19+0200 OTGW/value/otgw-84F3EB22B8E1/otgw-pic/picavailable ON
2026-09-24T20:41:19+0200 OTGW/value/otgw-84F3EB22B8E1/otgw-pic/boiler_connected ON
2026-09-24T20:41:19+0200 OTGW/value/otgw-84F3EB22B8E1/otgw-pic/thermostat_connected ON
2026-09-24T20:41:19+0200 OTGW/value/otgw-84F3EB22B8E1/otgw-pic/otgw_connected ON
2026-09-24T20:41:19+0200 OTGW/value/otgw-84F3EB22B8E1/otgw-pic/gateway_mode ON
2026-09-24T20:41:19+0200 OTGW/value/otgw-84F3EB22B8E1/otgw-pic/settings/setpoint_override N
2026-09-24T20:41:19+0200 OTGW/value/otgw-84F3EB22B8E1/otgw-pic/settings/setback 16.00
2026-09-24T20:41:19+0200 OTGW/value/otgw-84F3EB22B8E1/otgw-pic/settings/dhw_override A
2026-09-24T20:41:19+0200 OTGW/value/otgw-84F3EB22B8E1/TrSet 20.50
2026-09-24T20:41:20+0200 homeassistant/sensor/otgw-84F3EB22B8E1/TrSet/config {"avty_t":"OTGW/value/otgw-84F3EB22B8E1","dev":{"identifiers":"otgw-84F3EB22B8E1"},"uniq_id":"otgw-84F3EB22B8E1-TrSet","name":"Room Setpoint","stat_t":"OTGW/value/otgw-84F3EB22B8E1/TrSet","device_class":"temperature","unit_of_measurement":"°C","state_class":"measurement","icon":"mdi:thermometer","value_template":"{{ value }}","origin":{"name":"OTGW-firmware","sw":"1.7.6-beta.5+e0e0d3b (23-09-2026)","url":"https://github.com/rvdbreemen/OTGW-firmware"}}
2026-09-24T20:41:22+0200 OTGW/value/otgw-84F3EB22B8E1/status_slave ---F----
2026-09-24T20:41:22+0200 OTGW/value/otgw-84F3EB22B8E1/centralheating OFF
2026-09-24T20:41:22+0200 OTGW/value/otgw-84F3EB22B8E1/domestichotwater OFF
2026-09-24T20:41:22+0200 OTGW/value/otgw-84F3EB22B8E1/hvac_action idle
2026-09-24T20:41:23+0200 OTGW/value/otgw-84F3EB22B8E1/Toutside 10.00
2026-09-24T20:41:24+0200 homeassistant/sensor/otgw-84F3EB22B8E1/Tr/config {"avty_t":"OTGW/value/otgw-84F3EB22B8E1","dev":{"identifiers":"otgw-84F3EB22B8E1"},"uniq_id":"otgw-84F3EB22B8E1-Tr","name":"Room Temperature","stat_t":"OTGW/value/otgw-84F3EB22B8E1/Tr","device_class":"temperature","unit_of_measurement":"°C","state_class":"measurement","icon":"mdi:thermometer","value_template":"{{ value }}","origin":{"name":"OTGW-firmware","sw":"1.7.6-beta.5+e0e0d3b (23-09-2026)","url":"https://github.com/rvdbreemen/OTGW-firmware"}}
2026-09-24T20:41:25+0200 OTGW/value/otgw-84F3EB22B8E1/TdhwSet 55.00
2026-09-24T20:41:27+0200 OTGW/value/otgw-84F3EB22B8E1/MaxTSet 80.00
2026-09-24T20:41:27+0200 homeassistant/sensor/otgw-84F3EB22B8E1/Tdhw/config {"avty_t":"OTGW/value/otgw-84F3EB22B8E1","dev":{"identifiers":"otgw-84F3EB22B8E1"},"uniq_id":"otgw-84F3EB22B8E1-Tdhw","name":"DHW Temperature","stat_t":"OTGW/value/otgw-84F3EB22B8E1/Tdhw","device_class":"temperature","unit_of_measurement":"°C","state_class":"measurement","icon":"mdi:thermometer","value_template":"{{ value }}","origin":{"name":"OTGW-firmware","sw":"1.7.6-beta.5+e0e0d3b (23-09-2026)","url":"https://github.com/rvdbreemen/OTGW-firmware"}}
2026-09-24T20:41:28+0200 OTGW/value/otgw-84F3EB22B8E1/status_slave EC-F----
2026-09-24T20:41:28+0200 OTGW/value/otgw-84F3EB22B8E1/fault ON
2026-09-24T20:41:28+0200 OTGW/value/otgw-84F3EB22B8E1/centralheating ON
2026-09-24T20:41:28+0200 OTGW/value/otgw-84F3EB22B8E1/hvac_action heating
2026-09-24T20:41:28+0200 OTGW/value/otgw-84F3EB22B8E1/TSet 40.50
2026-09-24T20:41:30+0200 homeassistant/sensor/otgw-84F3EB22B8E1/Tret/config {"avty_t":"OTGW/value/otgw-84F3EB22B8E1","dev":{"identifiers":"otgw-84F3EB22B8E1"},"uniq_id":"otgw-84F3EB22B8E1-Tret","name":"Return Water Temperature","stat_t":"OTGW/value/otgw-84F3EB22B8E1/Tret","device_class":"temperature","unit_of_measurement":"°C","state_class":"measurement","icon":"mdi:thermometer","value_template":"{{ value }}","origin":{"name":"OTGW-firmware","sw":"1.7.6-beta.5+e0e0d3b (23-09-2026)","url":"https://github.com/rvdbreemen/OTGW-firmware"}}
2026-09-24T20:41:31+0200 OTGW/value/otgw-84F3EB22B8E1/Tboiler 45.25
2026-09-24T20:41:32+0200 OTGW/value/otgw-84F3EB22B8E1/status_slave EC------
2026-09-24T20:41:32+0200 OTGW/value/otgw-84F3EB22B8E1/flame OFF
2026-09-24T20:41:34+0200 OTGW/value/otgw-84F3EB22B8E1/Tret 35.25
2026-09-24T20:41:34+0200 homeassistant/sensor/otgw-84F3EB22B8E1/TdhwSet/config {"avty_t":"OTGW/value/otgw-84F3EB22B8E1","dev":{"identifiers":"otgw-84F3EB22B8E1"},"uniq_id":"otgw-84F3EB22B8E1-TdhwSet","name":"DHW Setpoint","stat_t":"OTGW/value/otgw-84F3EB22B8E1/TdhwSet","device_class":"temperature","unit_of_measurement":"°C","state_class":"measurement","icon":"mdi:thermometer","value_template":"{{ value }}","origin":{"name":"OTGW-firmware","sw":"1.7.6-beta.5+e0e0d3b (23-09-2026)","url":"https://github.com/rvdbreemen/OTGW-firmware"}}
2026-09-24T20:41:39+0200 OTGW/value/otgw-84F3EB22B8E1/RelModLevel 2.00
2026-09-24T20:41:39+0200 homeassistant/sensor/otgw-84F3EB22B8E1/MaxTSet/config {"avty_t":"OTGW/value/otgw-84F3EB22B8E1","dev":{"identifiers":"otgw-84F3EB22B8E1"},"uniq_id":"otgw-84F3EB22B8E1-MaxTSet","name":"Max CH Water Setpoint","stat_t":"OTGW/value/otgw-84F3EB22B8E1/MaxTSet","device_class":"temperature","unit_of_measurement":"°C","state_class":"measurement","icon":"mdi:thermometer","value_template":"{{ value }}","origin":{"name":"OTGW-firmware","sw":"1.7.6-beta.5+e0e0d3b (23-09-2026)","url":"https://github.com/rvdbreemen/OTGW-firmware"}}
2026-09-24T20:41:39+0200 OTGW/value/otgw-84F3EB22B8E1/status_slave -C-F----
2026-09-24T20:41:39+0200 OTGW/value/otgw-84F3EB22B8E1/fault OFF
2026-09-24T20:41:39+0200 OTGW/value/otgw-84F3EB22B8E1/flame ON
2026-09-24T20:41:39+0200 OTGW/value/otgw-84F3EB22B8E1/CHPressure 1.51
2026-09-24T20:41:40+0200 OTGW/value/otgw-84F3EB22B8E1/Tdhw 50.10
2026-09-24T20:41:41+0200 OTGW/value/otgw-84F3EB22B8E1/status_slave --------
2026-09-24T20:41:41+0200 OTGW/value/otgw-84F3EB22B8E1/centralheating OFF
2026-09-24T20:41:41+0200 OTGW/value/otgw-84F3EB22B8E1/flame OFF
2026-09-24T20:41:41+0200 OTGW/value/otgw-84F3EB22B8E1/hvac_action idle
2026-09-24T20:41:42+0200 OTGW/value/otgw-84F3EB22B8E1/Tr 20.05
2026-09-24T20:41:43+0200 OTGW/value/otgw-84F3EB22B8E1/TrSet 21.00
2026-09-24T20:41:46+0200 OTGW/value/otgw-84F3EB22B8E1/status_slave -C-F----
2026-09-24T20:41:46+0200 OTGW/value/otgw-84F3EB22B8E1/centralheating ON
2026-09-24T20:41:46+0200 OTGW/value/otgw-84F3EB22B8E1/flame ON
2026-09-24T20:41:46+0200 OTGW/value/otgw-84F3EB22B8E1/hvac_action heating
2026-09-24T20:41:47+0200 OTGW/value/otgw-84F3EB22B8E1/Toutside 9.90
2026-09-24T20:41:49+0200 OTGW/value/otgw-84F3EB22B8E1/TdhwSet 56.00
2026-09-24T20:41:50+0200 OTGW/value/otgw-84F3EB22B8E1/MaxTSet 79.00
2026-09-24T20:41:52+0200 OTGW/value/otgw-84F3EB22B8E1/status_slave -C------
2026-09-24T20:41:52+0200 OTGW/value/otgw-84F3EB22B8E1/flame OFF
2026-09-24T20:41:52+0200 OTGW/value/otgw-84F3EB22B8E1/TSet 41.00
2026-09-24T20:41:55+0200 OTGW/value/otgw-84F3EB22B8E1/Tboiler 45.50
2026-09-24T20:41:55+0200 OTGW/value/otgw-84F3EB22B8E1/cooling_enable OFF
2026-09-24T20:41:55+0200 OTGW/value/otgw-84F3EB22B8E1/otc_active OFF
2026-09-24T20:41:55+0200 OTGW/value/otgw-84F3EB22B8E1/ch2_enable OFF
2026-09-24T20:41:55+0200 OTGW/value/otgw-84F3EB22B8E1/summerwintertime OFF
2026-09-24T20:41:55+0200 OTGW/value/otgw-84F3EB22B8E1/dhw_blocking OFF
2026-09-24T20:41:56+0200 OTGW/value/otgw-84F3EB22B8E1/status_slave -CWF----
2026-09-24T20:41:56+0200 OTGW/value/otgw-84F3EB22B8E1/domestichotwater ON
2026-09-24T20:41:56+0200 OTGW/value/otgw-84F3EB22B8E1/flame ON
2026-09-24T20:41:58+0200 OTGW/value/otgw-84F3EB22B8E1/Tret 35.50
2026-09-24T20:41:59+0200 OTGW/value/otgw-84F3EB22B8E1/RelModLevel 4.00
2026-09-24T20:42:01+0200 OTGW/value/otgw-84F3EB22B8E1/status_slave ---F----
2026-09-24T20:42:01+0200 OTGW/value/otgw-84F3EB22B8E1/centralheating OFF
2026-09-24T20:42:01+0200 OTGW/value/otgw-84F3EB22B8E1/domestichotwater OFF
2026-09-24T20:42:01+0200 OTGW/value/otgw-84F3EB22B8E1/hvac_action idle
2026-09-24T20:42:02+0200 OTGW/value/otgw-84F3EB22B8E1/CHPressure 1.52
2026-09-24T20:42:04+0200 OTGW/value/otgw-84F3EB22B8E1/Tdhw 50.20
2026-09-24T20:42:05+0200 OTGW/value/otgw-84F3EB22B8E1/status_master CD---W--
2026-09-24T20:42:05+0200 OTGW/value/otgw-84F3EB22B8E1/ch_enable ON
2026-09-24T20:42:05+0200 OTGW/value/otgw-84F3EB22B8E1/dhw_enable ON
2026-09-24T20:42:05+0200 OTGW/value/otgw-84F3EB22B8E1/status_slave EC-F----
2026-09-24T20:42:05+0200 OTGW/value/otgw-84F3EB22B8E1/fault ON
2026-09-24T20:42:05+0200 OTGW/value/otgw-84F3EB22B8E1/centralheating ON
2026-09-24T20:42:05+0200 OTGW/value/otgw-84F3EB22B8E1/cooling OFF
2026-09-24T20:42:05+0200 OTGW/value/otgw-84F3EB22B8E1/centralheating2 OFF
2026-09-24T20:42:05+0200 OTGW/value/otgw-84F3EB22B8E1/diagnostic_indicator OFF
2026-09-24T20:42:05+0200 OTGW/value/otgw-84F3EB22B8E1/electric_production OFF
2026-09-24T20:42:05+0200 OTGW/value/otgw-84F3EB22B8E1/hvac_action heating
2026-09-24T20:42:06+0200 OTGW/value/otgw-84F3EB22B8E1/Tr 20.10
2026-09-24T20:42:07+0200 OTGW/value/otgw-84F3EB22B8E1/TrSet 21.50
2026-09-24T20:42:10+0200 OTGW/value/otgw-84F3EB22B8E1/status_slave EC------
2026-09-24T20:42:10+0200 OTGW/value/otgw-84F3EB22B8E1/flame OFF
2026-09-24T20:42:11+0200 OTGW/value/otgw-84F3EB22B8E1/Toutside 9.80
2026-09-24T20:42:13+0200 OTGW/value/otgw-84F3EB22B8E1/TdhwSet 57.00
2026-09-24T20:42:14+0200 OTGW/value/otgw-84F3EB22B8E1/MaxTSet 78.00
2026-09-24T20:42:16+0200 OTGW/value/otgw-84F3EB22B8E1/status_slave -C-F----
2026-09-24T20:42:16+0200 OTGW/value/otgw-84F3EB22B8E1/fault OFF
2026-09-24T20:42:16+0200 OTGW/value/otgw-84F3EB22B8E1/flame ON
2026-09-24T20:42:17+0200 OTGW/value/otgw-84F3EB22B8E1/TSet 41.50
2026-09-24T20:42:19+0200 OTGW/value/otgw-84F3EB22B8E1/Tboiler 45.75
2026-09-24T20:42:20+0200 OTGW/value/otgw-84F3EB22B8E1/status_slave --------
2026-09-24T20:42:20+0200 OTGW/value/otgw-84F3EB22B8E1/centralheating OFF
2026-09-24T20:42:20+0200 OTGW/value/otgw-84F3EB22B8E1/flame OFF
2026-09-24T20:42:20+0200 OTGW/value/otgw-84F3EB22B8E1/hvac_action idle
2026-09-24T20:42:22+0200 OTGW/value/otgw-84F3EB22B8E1/Tret 35.75
2026-09-24T20:42:23+0200 OTGW/value/otgw-84F3EB22B8E1/RelModLevel 6.00
2026-09-24T20:42:25+0200 OTGW/value/otgw-84F3EB22B8E1/status_slave -C-F----
2026-09-24T20:42:25+0200 OTGW/value/otgw-84F3EB22B8E1/centralheating ON
2026-09-24T20:42:25+0200 OTGW/value/otgw-84F3EB22B8E1/flame ON
2026-09-24T20:42:25+0200 OTGW/value/otgw-84F3EB22B8E1/hvac_action heating
2026-09-24T20:42:26+0200 OTGW/value/otgw-84F3EB22B8E1/CHPressure 1.53
2026-09-24T20:42:28+0200 OTGW/value/otgw-84F3EB22B8E1/Tdhw 50.30
2026-09-24T20:42:29+0200 OTGW/value/otgw-84F3EB22B8E1/status_slave -C------
2026-09-24T20:42:29+0200 OTGW/value/otgw-84F3EB22B8E1/flame OFF
2026-09-24T20:42:30+0200 OTGW/value/otgw-84F3EB22B8E1/Tr 20.15
2026-09-24T20:42:32+0200 OTGW/value/otgw-84F3EB22B8E1/TrSet 22.00
2026-09-24T20:42:34+0200 OTGW/value/otgw-84F3EB22B8E1/status_slave -CWF----
2026-09-24T20:42:34+0200 OTGW/value/otgw-84F3EB22B8E1/domestichotwater ON
2026-09-24T20:42:34+0200 OTGW/value/otgw-84F3EB22B8E1/flame ON
2026-09-24T20:42:36+0200 OTGW/value/otgw-84F3EB22B8E1/Toutside 9.70
2026-09-24T20:42:37+0200 OTGW/value/otgw-84F3EB22B8E1/TdhwSet 55.00
2026-09-24T20:42:38+0200 OTGW/value/otgw-84F3EB22B8E1/MaxTSet 77.00
2026-09-24T20:42:40+0200 OTGW/value/otgw-84F3EB22B8E1/status_slave ---F----
2026-09-24T20:42:40+0200 OTGW/value/otgw-84F3EB22B8E1/centralheating OFF
2026-09-24T20:42:40+0200 OTGW/value/otgw-84F3EB22B8E1/domestichotwater OFF
2026-09-24T20:42:40+0200 OTGW/value/otgw-84F3EB22B8E1/hvac_action idle
2026-09-24T20:42:41+0200 OTGW/value/otgw-84F3EB22B8E1/TSet 42.00
2026-09-24T20:42:43+0200 OTGW/value/otgw-84F3EB22B8E1/Tboiler 46.00
2026-09-24T20:42:46+0200 OTGW/value/otgw-84F3EB22B8E1/status_slave EC-F----
2026-09-24T20:42:46+0200 OTGW/value/otgw-84F3EB22B8E1/fault ON
2026-09-24T20:42:46+0200 OTGW/value/otgw-84F3EB22B8E1/centralheating ON
2026-09-24T20:42:46+0200 OTGW/value/otgw-84F3EB22B8E1/hvac_action heating
2026-09-24T20:42:46+0200 OTGW/value/otgw-84F3EB22B8E1/Tret 36.00
2026-09-24T20:42:47+0200 OTGW/value/otgw-84F3EB22B8E1/RelModLevel 8.00
2026-09-24T20:42:49+0200 OTGW/value/otgw-84F3EB22B8E1/status_slave EC------
2026-09-24T20:42:49+0200 OTGW/value/otgw-84F3EB22B8E1/flame OFF
2026-09-24T20:42:51+0200 OTGW/value/otgw-84F3EB22B8E1/CHPressure 1.54
2026-09-24T20:42:52+0200 OTGW/value/otgw-84F3EB22B8E1/Tdhw 50.40
2026-09-24T20:42:54+0200 OTGW/value/otgw-84F3EB22B8E1/status_slave -C-F----
2026-09-24T20:42:54+0200 OTGW/value/otgw-84F3EB22B8E1/fault OFF
2026-09-24T20:42:54+0200 OTGW/value/otgw-84F3EB22B8E1/flame ON
2026-09-24T20:42:54+0200 OTGW/value/otgw-84F3EB22B8E1/Tr 20.20
2026-09-24T20:42:56+0200 OTGW/value/otgw-84F3EB22B8E1/TrSet 20.50
2026-09-24T20:42:57+0200 OTGW/value/otgw-84F3EB22B8E1/cooling_enable OFF
2026-09-24T20:42:57+0200 OTGW/value/otgw-84F3EB22B8E1/otc_active OFF
2026-09-24T20:42:57+0200 OTGW/value/otgw-84F3EB22B8E1/ch2_enable OFF
2026-09-24T20:42:57+0200 OTGW/value/otgw-84F3EB22B8E1/summerwintertime OFF
2026-09-24T20:42:57+0200 OTGW/value/otgw-84F3EB22B8E1/dhw_blocking OFF
2026-09-24T20:42:58+0200 OTGW/value/otgw-84F3EB22B8E1/status_slave --------
2026-09-24T20:42:58+0200 OTGW/value/otgw-84F3EB22B8E1/centralheating OFF
2026-09-24T20:42:58+0200 OTGW/value/otgw-84F3EB22B8E1/flame OFF
2026-09-24T20:42:58+0200 OTGW/value/otgw-84F3EB22B8E1/hvac_action idle
2026-09-24T20:43:00+0200 OTGW/value/otgw-84F3EB22B8E1/Toutside 9.60
2026-09-24T20:43:01+0200 OTGW/value/otgw-84F3EB22B8E1/TdhwSet 56.00
2026-09-24T20:43:03+0200 OTGW/value/otgw-84F3EB22B8E1/MaxTSet 76.00
2026-09-24T20:43:04+0200 OTGW/value/otgw-84F3EB22B8E1/status_slave -C-F----
2026-09-24T20:43:04+0200 OTGW/value/otgw-84F3EB22B8E1/centralheating ON
2026-09-24T20:43:04+0200 OTGW/value/otgw-84F3EB22B8E1/flame ON
2026-09-24T20:43:04+0200 OTGW/value/otgw-84F3EB22B8E1/hvac_action heating
2026-09-24T20:43:05+0200 OTGW/value/otgw-84F3EB22B8E1/TSet 42.50
2026-09-24T20:43:07+0200 OTGW/value/otgw-84F3EB22B8E1/Tboiler 46.25
2026-09-24T20:43:08+0200 OTGW/value/otgw-84F3EB22B8E1/status_master CD---W--
2026-09-24T20:43:08+0200 OTGW/value/otgw-84F3EB22B8E1/ch_enable ON
2026-09-24T20:43:08+0200 OTGW/value/otgw-84F3EB22B8E1/dhw_enable ON
2026-09-24T20:43:09+0200 OTGW/value/otgw-84F3EB22B8E1/status_slave -C------
2026-09-24T20:43:09+0200 OTGW/value/otgw-84F3EB22B8E1/flame OFF
2026-09-24T20:43:09+0200 OTGW/value/otgw-84F3EB22B8E1/cooling OFF
2026-09-24T20:43:09+0200 OTGW/value/otgw-84F3EB22B8E1/centralheating2 OFF
2026-09-24T20:43:09+0200 OTGW/value/otgw-84F3EB22B8E1/diagnostic_indicator OFF
2026-09-24T20:43:09+0200 OTGW/value/otgw-84F3EB22B8E1/electric_production OFF
2026-09-24T20:43:10+0200 OTGW/value/otgw-84F3EB22B8E1/Tret 36.25
2026-09-24T20:43:12+0200 OTGW/value/otgw-84F3EB22B8E1/RelModLevel 10.00
2026-09-24T20:43:13+0200 OTGW/value/otgw-84F3EB22B8E1/status_slave -CWF----
2026-09-24T20:43:13+0200 OTGW/value/otgw-84F3EB22B8E1/domestichotwater ON
2026-09-24T20:43:13+0200 OTGW/value/otgw-84F3EB22B8E1/flame ON
2026-09-24T20:43:15+0200 OTGW/value/otgw-84F3EB22B8E1/CHPressure 1.55
2026-09-24T20:43:16+0200 OTGW/value/otgw-84F3EB22B8E1/Tdhw 50.50
2026-09-24T20:43:18+0200 OTGW/value/otgw-84F3EB22B8E1/status_slave ---F----
2026-09-24T20:43:18+0200 OTGW/value/otgw-84F3EB22B8E1/centralheating OFF
2026-09-24T20:43:18+0200 OTGW/value/otgw-84F3EB22B8E1/domestichotwater OFF
2026-09-24T20:43:18+0200 OTGW/value/otgw-84F3EB22B8E1/hvac_action idle
2026-09-24T20:43:18+0200 OTGW/value/otgw-84F3EB22B8E1/Tr 20.25
2026-09-24T20:43:20+0200 OTGW/value/otgw-84F3EB22B8E1/TrSet 21.00
2026-09-24T20:43:22+0200 OTGW/value/otgw-84F3EB22B8E1/status_slave EC-F----
2026-09-24T20:43:22+0200 OTGW/value/otgw-84F3EB22B8E1/fault ON
2026-09-24T20:43:22+0200 OTGW/value/otgw-84F3EB22B8E1/centralheating ON
2026-09-24T20:43:22+0200 OTGW/value/otgw-84F3EB22B8E1/hvac_action heating
2026-09-24T20:43:24+0200 OTGW/value/otgw-84F3EB22B8E1/Toutside 9.50
2026-09-24T20:43:25+0200 OTGW/value/otgw-84F3EB22B8E1/TdhwSet 57.00
2026-09-24T20:43:27+0200 OTGW/value/otgw-84F3EB22B8E1/MaxTSet 80.00
2026-09-24T20:43:28+0200 OTGW/value/otgw-84F3EB22B8E1/status_slave EC------
2026-09-24T20:43:28+0200 OTGW/value/otgw-84F3EB22B8E1/flame OFF
2026-09-24T20:43:29+0200 OTGW/value/otgw-84F3EB22B8E1/TSet 43.00
2026-09-24T20:43:31+0200 OTGW/value/otgw-84F3EB22B8E1/Tboiler 46.50
2026-09-24T20:43:33+0200 OTGW/value/otgw-84F3EB22B8E1/status_slave -C-F----
2026-09-24T20:43:33+0200 OTGW/value/otgw-84F3EB22B8E1/fault OFF
2026-09-24T20:43:33+0200 OTGW/value/otgw-84F3EB22B8E1/flame ON
2026-09-24T20:43:34+0200 OTGW/value/otgw-84F3EB22B8E1/Tret 36.50
2026-09-24T20:43:36+0200 OTGW/value/otgw-84F3EB22B8E1/RelModLevel 12.00
2026-09-24T20:43:37+0200 OTGW/value/otgw-84F3EB22B8E1/status_slave --------
2026-09-24T20:43:37+0200 OTGW/value/otgw-84F3EB22B8E1/centralheating OFF
2026-09-24T20:43:37+0200 OTGW/value/otgw-84F3EB22B8E1/flame OFF
2026-09-24T20:43:37+0200 OTGW/value/otgw-84F3EB22B8E1/hvac_action idle
2026-09-24T20:43:39+0200 OTGW/value/otgw-84F3EB22B8E1/CHPressure 1.56
2026-09-24T20:43:40+0200 OTGW/value/otgw-84F3EB22B8E1/Tdhw 50.60
2026-09-24T20:43:42+0200 OTGW/value/otgw-84F3EB22B8E1/status_slave -C-F----
2026-09-24T20:43:42+0200 OTGW/value/otgw-84F3EB22B8E1/centralheating ON
2026-09-24T20:43:42+0200 OTGW/value/otgw-84F3EB22B8E1/flame ON
2026-09-24T20:43:42+0200 OTGW/value/otgw-84F3EB22B8E1/hvac_action heating
2026-09-24T20:43:43+0200 OTGW/value/otgw-84F3EB22B8E1/Tr 20.30
2026-09-24T20:43:44+0200 OTGW/value/otgw-84F3EB22B8E1/TrSet 21.50
2026-09-24T20:43:46+0200 OTGW/value/otgw-84F3EB22B8E1/status_slave -C------
2026-09-24T20:43:46+0200 OTGW/value/otgw-84F3EB22B8E1/flame OFF
2026-09-24T20:43:48+0200 OTGW/value/otgw-84F3EB22B8E1/Toutside 9.40
2026-09-24T20:43:49+0200 OTGW/value/otgw-84F3EB22B8E1/TdhwSet 55.00
2026-09-24T20:43:51+0200 OTGW/value/otgw-84F3EB22B8E1/MaxTSet 79.00
2026-09-24T20:43:52+0200 OTGW/value/otgw-84F3EB22B8E1/status_slave -CWF----
2026-09-24T20:43:52+0200 OTGW/value/otgw-84F3EB22B8E1/domestichotwater ON
2026-09-24T20:43:52+0200 OTGW/value/otgw-84F3EB22B8E1/flame ON
2026-09-24T20:43:53+0200 OTGW/value/otgw-84F3EB22B8E1/TSet 43.50
2026-09-24T20:43:55+0200 OTGW/value/otgw-84F3EB22B8E1/Tboiler 46.75
2026-09-24T20:43:57+0200 OTGW/value/otgw-84F3EB22B8E1/status_slave ---F----
2026-09-24T20:43:57+0200 OTGW/value/otgw-84F3EB22B8E1/centralheating OFF
2026-09-24T20:43:57+0200 OTGW/value/otgw-84F3EB22B8E1/domestichotwater OFF
2026-09-24T20:43:57+0200 OTGW/value/otgw-84F3EB22B8E1/hvac_action idle
2026-09-24T20:43:58+0200 OTGW/value/otgw-84F3EB22B8E1/Tret 36.75
2026-09-24T20:44:00+0200 OTGW/value/otgw-84F3EB22B8E1/RelModLevel 14.00
2026-09-24T20:44:01+0200 OTGW/value/otgw-84F3EB22B8E1/cooling_enable OFF
2026-09-24T20:44:01+0200 OTGW/value/otgw-84F3EB22B8E1/otc_active OFF
2026-09-24T20:44:01+0200 OTGW/value/otgw-84F3EB22B8E1/ch2_enable OFF
2026-09-24T20:44:01+0200 OTGW/value/otgw-84F3EB22B8E1/summerwintertime OFF
2026-09-24T20:44:01+0200 OTGW/value/otgw-84F3EB22B8E1/dhw_blocking OFF
2026-09-24T20:44:01+0200 OTGW/value/otgw-84F3EB22B8E1/status_slave EC-F----
2026-09-24T20:44:01+0200 OTGW/value/otgw-84F3EB22B8E1/fault ON
2026-09-24T20:44:01+0200 OTGW/value/otgw-84F3EB22B8E1/centralheating ON
2026-09-24T20:44:01+0200 OTGW/value/otgw-84F3EB22B8E1/hvac_action heating
2026-09-24T20:44:03+0200 OTGW/value/otgw-84F3EB22B8E1/CHPressure 1.57
2026-09-24T20:44:04+0200 OTGW/value/otgw-84F3EB22B8E1/Tdhw 50.70
2026-09-24T20:44:06+0200 OTGW/value/otgw-84F3EB22B8E1/status_slave EC------
2026-09-24T20:44:06+0200 OTGW/value/otgw-84F3EB22B8E1/flame OFF
2026-09-24T20:44:07+0200 OTGW/value/otgw-84F3EB22B8E1/Tr 20.35
2026-09-24T20:44:08+0200 OTGW/value/otgw-84F3EB22B8E1/TrSet 22.00
2026-09-24T20:44:10+0200 OTGW/value/otgw-84F3EB22B8E1/status_master CD---W--
2026-09-24T20:44:10+0200 OTGW/value/otgw-84F3EB22B8E1/ch_enable ON
2026-09-24T20:44:10+0200 OTGW/value/otgw-84F3EB22B8E1/dhw_enable ON
2026-09-24T20:44:10+0200 OTGW/value/otgw-84F3EB22B8E1/status_slave -C-F----
2026-09-24T20:44:10+0200 OTGW/value/otgw-84F3EB22B8E1/fault OFF
2026-09-24T20:44:10+0200 OTGW/value/otgw-84F3EB22B8E1/flame ON
2026-09-24T20:44:10+0200 OTGW/value/otgw-84F3EB22B8E1/cooling OFF
2026-09-24T20:44:10+0200 OTGW/value/otgw-84F3EB22B8E1/centralheating2 OFF
2026-09-24T20:44:10+0200 OTGW/value/otgw-84F3EB22B8E1/diagnostic_indicator OFF
2026-09-24T20:44:10+0200 OTGW/value/otgw-84F3EB22B8E1/electric_production OFF
2026-09-24T20:44:12+0200 OTGW/value/otgw-84F3EB22B8E1/Toutside 9.30
2026-09-24T20:44:13+0200 OTGW/value/otgw-84F3EB22B8E1/TdhwSet 56.00
2026-09-24T20:44:15+0200 OTGW/value/otgw-84F3EB22B8E1/MaxTSet 78.00
2026-09-24T20:44:16+0200 OTGW/value/otgw-84F3EB22B8E1/status_slave --------
2026-09-24T20:44:16+0200 OTGW/value/otgw-84F3EB22B8E1/centralheating OFF
2026-09-24T20:44:16+0200 OTGW/value/otgw-84F3EB22B8E1/flame OFF
2026-09-24T20:44:16+0200 OTGW/value/otgw-84F3EB22B8E1/hvac_action idle
2026-09-24T20:44:17+0200 OTGW/value/otgw-84F3EB22B8E1/TSet 44.00
2026-09-24T20:44:20+0200 OTGW/value/otgw-84F3EB22B8E1/Tboiler 47.00
2026-09-24T20:44:21+0200 OTGW/value/otgw-84F3EB22B8E1/status_slave -C-F----
2026-09-24T20:44:21+0200 OTGW/value/otgw-84F3EB22B8E1/centralheating ON
2026-09-24T20:44:21+0200 OTGW/value/otgw-84F3EB22B8E1/flame ON
2026-09-24T20:44:21+0200 OTGW/value/otgw-84F3EB22B8E1/hvac_action heating
2026-09-24T20:44:23+0200 OTGW/value/otgw-84F3EB22B8E1/Tret 37.00
2026-09-24T20:44:24+0200 OTGW/value/otgw-84F3EB22B8E1/RelModLevel 16.00
2026-09-24T20:44:26+0200 OTGW/value/otgw-84F3EB22B8E1/status_slave -C------
2026-09-24T20:44:26+0200 OTGW/value/otgw-84F3EB22B8E1/flame OFF
2026-09-24T20:44:27+0200 OTGW/value/otgw-84F3EB22B8E1/CHPressure 1.58
2026-09-24T20:44:29+0200 OTGW/value/otgw-84F3EB22B8E1/Tdhw 50.80
2026-09-24T20:44:30+0200 OTGW/value/otgw-84F3EB22B8E1/status_slave -CWF----
2026-09-24T20:44:30+0200 OTGW/value/otgw-84F3EB22B8E1/domestichotwater ON
2026-09-24T20:44:30+0200 OTGW/value/otgw-84F3EB22B8E1/flame ON
2026-09-24T20:44:31+0200 OTGW/value/otgw-84F3EB22B8E1/Tr 20.40
2026-09-24T20:44:32+0200 OTGW/value/otgw-84F3EB22B8E1/TrSet 20.50
2026-09-24T20:44:35+0200 OTGW/value/otgw-84F3EB22B8E1/status_slave ---F----
2026-09-24T20:44:35+0200 OTGW/value/otgw-84F3EB22B8E1/centralheating OFF
2026-09-24T20:44:35+0200 OTGW/value/otgw-84F3EB22B8E1/domestichotwater OFF
2026-09-24T20:44:35+0200 OTGW/value/otgw-84F3EB22B8E1/hvac_action idle
2026-09-24T20:44:36+0200 OTGW/value/otgw-84F3EB22B8E1/Toutside 9.20
2026-09-24T20:44:38+0200 OTGW/value/otgw-84F3EB22B8E1/TdhwSet 57.00
2026-09-24T20:44:39+0200 OTGW/value/otgw-84F3EB22B8E1/MaxTSet 77.00
2026-09-24T20:44:41+0200 OTGW/value/otgw-84F3EB22B8E1/status_slave EC-F----
2026-09-24T20:44:41+0200 OTGW/value/otgw-84F3EB22B8E1/fault ON
2026-09-24T20:44:41+0200 OTGW/value/otgw-84F3EB22B8E1/centralheating ON
2026-09-24T20:44:41+0200 OTGW/value/otgw-84F3EB22B8E1/hvac_action heating
2026-09-24T20:44:41+0200 OTGW/value/otgw-84F3EB22B8E1/TSet 44.50
2026-09-24T20:44:44+0200 OTGW/value/otgw-84F3EB22B8E1/Tboiler 47.25
2026-09-24T20:44:45+0200 OTGW/value/otgw-84F3EB22B8E1/status_slave EC------
2026-09-24T20:44:45+0200 OTGW/value/otgw-84F3EB22B8E1/flame OFF
2026-09-24T20:44:47+0200 OTGW/value/otgw-84F3EB22B8E1/Tret 37.25
2026-09-24T20:44:48+0200 OTGW/value/otgw-84F3EB22B8E1/RelModLevel 18.00
2026-09-24T20:44:50+0200 OTGW/value/otgw-84F3EB22B8E1/status_slave -C-F----
2026-09-24T20:44:50+0200 OTGW/value/otgw-84F3EB22B8E1/fault OFF
2026-09-24T20:44:50+0200 OTGW/value/otgw-84F3EB22B8E1/flame ON
2026-09-24T20:44:51+0200 OTGW/value/otgw-84F3EB22B8E1/CHPressure 1.59
2026-09-24T20:44:53+0200 OTGW/value/otgw-84F3EB22B8E1/Tdhw 50.90
2026-09-24T20:44:54+0200 OTGW/value/otgw-84F3EB22B8E1/status_slave --------
2026-09-24T20:44:54+0200 OTGW/value/otgw-84F3EB22B8E1/centralheating OFF
2026-09-24T20:44:54+0200 OTGW/value/otgw-84F3EB22B8E1/flame OFF
2026-09-24T20:44:54+0200 OTGW/value/otgw-84F3EB22B8E1/hvac_action idle
2026-09-24T20:44:55+0200 OTGW/value/otgw-84F3EB22B8E1/Tr 20.45
2026-09-24T20:44:56+0200 OTGW/value/otgw-84F3EB22B8E1/TrSet 21.00
2026-09-24T20:44:59+0200 OTGW/value/otgw-84F3EB22B8E1/status_slave -C-F----
2026-09-24T20:44:59+0200 OTGW/value/otgw-84F3EB22B8E1/centralheating ON
2026-09-24T20:44:59+0200 OTGW/value/otgw-84F3EB22B8E1/flame ON
2026-09-24T20:44:59+0200 OTGW/value/otgw-84F3EB22B8E1/hvac_action heating
2026-09-24T20:45:00+0200 OTGW/value/otgw-84F3EB22B8E1/Toutside 9.10
2026-09-24T20:45:02+0200 OTGW/value/otgw-84F3EB22B8E1/TdhwSet 55.00
2026-09-24T20:45:03+0200 OTGW/value/otgw-84F3EB22B8E1/MaxTSet 76.00
2026-09-24T20:45:04+0200 OTGW/value/otgw-84F3EB22B8E1/cooling_enable OFF
2026-09-24T20:45:04+0200 OTGW/value/otgw-84F3EB22B8E1/otc_active OFF
2026-09-24T20:45:04+0200 OTGW/value/otgw-84F3EB22B8E1/ch2_enable OFF
2026-09-24T20:45:04+0200 OTGW/value/otgw-84F3EB22B8E1/summerwintertime OFF
2026-09-24T20:45:04+0200 OTGW/value/otgw-84F3EB22B8E1/dhw_blocking OFF
2026-09-24T20:45:05+0200 OTGW/value/otgw-84F3EB22B8E1/status_slave -C------
2026-09-24T20:45:05+0200 OTGW/value/otgw-84F3EB22B8E1/flame OFF
2026-09-24T20:45:05+0200 OTGW/value/otgw-84F3EB22B8E1/TSet 45.00
2026-09-24T20:45:08+0200 OTGW/value/otgw-84F3EB22B8E1/Tboiler 47.50
2026-09-24T20:45:09+0200 OTGW/value/otgw-84F3EB22B8E1/status_slave -CWF----
2026-09-24T20:45:09+0200 OTGW/value/otgw-84F3EB22B8E1/domestichotwater ON
2026-09-24T20:45:09+0200 OTGW/value/otgw-84F3EB22B8E1/flame ON
2026-09-24T20:45:11+0200 OTGW/value/otgw-84F3EB22B8E1/Tret 37.50
2026-09-24T20:45:12+0200 OTGW/value/otgw-84F3EB22B8E1/RelModLevel 20.00
2026-09-24T20:45:13+0200 OTGW/value/otgw-84F3EB22B8E1/status_master CD---W--
2026-09-24T20:45:13+0200 OTGW/value/otgw-84F3EB22B8E1/ch_enable ON
2026-09-24T20:45:13+0200 OTGW/value/otgw-84F3EB22B8E1/dhw_enable ON
2026-09-24T20:45:14+0200 OTGW/value/otgw-84F3EB22B8E1/status_slave ---F----
2026-09-24T20:45:14+0200 OTGW/value/otgw-84F3EB22B8E1/centralheating OFF
2026-09-24T20:45:14+0200 OTGW/value/otgw-84F3EB22B8E1/domestichotwater OFF
2026-09-24T20:45:14+0200 OTGW/value/otgw-84F3EB22B8E1/cooling OFF
2026-09-24T20:45:14+0200 OTGW/value/otgw-84F3EB22B8E1/centralheating2 OFF
2026-09-24T20:45:14+0200 OTGW/value/otgw-84F3EB22B8E1/diagnostic_indicator OFF
2026-09-24T20:45:14+0200 OTGW/value/otgw-84F3EB22B8E1/electric_production OFF
2026-09-24T20:45:14+0200 OTGW/value/otgw-84F3EB22B8E1/hvac_action idle
2026-09-24T20:45:15+0200 OTGW/value/otgw-84F3EB22B8E1/CHPressure 1.50
2026-09-24T20:45:17+0200 OTGW/value/otgw-84F3EB22B8E1/Tdhw 51.00
2026-09-24T20:45:18+0200 OTGW/value/otgw-84F3EB22B8E1/status_slave EC-F----
2026-09-24T20:45:18+0200 OTGW/value/otgw-84F3EB22B8E1/fault ON
2026-09-24T20:45:18+0200 OTGW/value/otgw-84F3EB22B8E1/centralheating ON
2026-09-24T20:45:18+0200 OTGW/value/otgw-84F3EB22B8E1/hvac_action heating
2026-09-24T20:45:19+0200 OTGW/value/otgw-84F3EB22B8E1/Tr 20.50
2026-09-24T20:45:21+0200 OTGW/value/otgw-84F3EB22B8E1/TrSet 21.50
2026-09-24T20:45:23+0200 OTGW/value/otgw-84F3EB22B8E1/status_slave EC------
2026-09-24T20:45:23+0200 OTGW/value/otgw-84F3EB22B8E1/flame OFF
2026-09-24T20:45:24+0200 OTGW/value/otgw-84F3EB22B8E1/Toutside 9.00
2026-09-24T20:45:26+0200 OTGW/value/otgw-84F3EB22B8E1/TdhwSet 56.00
2026-09-24T20:45:27+0200 OTGW/value/otgw-84F3EB22B8E1/MaxTSet 80.00
2026-09-24T20:45:29+0200 OTGW/value/otgw-84F3EB22B8E1/status_slave -C-F----
2026-09-24T20:45:29+0200 OTGW/value/otgw-84F3EB22B8E1/fault OFF
2026-09-24T20:45:29+0200 OTGW/value/otgw-84F3EB22B8E1/flame ON
2026-09-24T20:45:30+0200 OTGW/value/otgw-84F3EB22B8E1/TSet 45.50
2026-09-24T20:45:32+0200 OTGW/value/otgw-84F3EB22B8E1/Tboiler 47.75
2026-09-24T20:45:35+0200 OTGW/value/otgw-84F3EB22B8E1/status_slave --------
2026-09-24T20:45:35+0200 OTGW/value/otgw-84F3EB22B8E1/centralheating OFF
2026-09-24T20:45:35+0200 OTGW/value/otgw-84F3EB22B8E1/flame OFF
2026-09-24T20:45:35+0200 OTGW/value/otgw-84F3EB22B8E1/hvac_action idle
2026-09-24T20:45:35+0200 OTGW/value/otgw-84F3EB22B8E1/Tret 37.75
2026-09-24T20:45:36+0200 OTGW/value/otgw-84F3EB22B8E1/RelModLevel 22.00
2026-09-24T20:45:38+0200 OTGW/value/otgw-84F3EB22B8E1/status_slave -C-F----
2026-09-24T20:45:38+0200 OTGW/value/otgw-84F3EB22B8E1/centralheating ON
2026-09-24T20:45:38+0200 OTGW/value/otgw-84F3EB22B8E1/flame ON
2026-09-24T20:45:38+0200 OTGW/value/otgw-84F3EB22B8E1/hvac_action heating
2026-09-24T20:45:39+0200 OTGW/value/otgw-84F3EB22B8E1/CHPressure 1.51
2026-09-24T20:45:41+0200 OTGW/value/otgw-84F3EB22B8E1/Tdhw 51.10
2026-09-24T20:45:43+0200 OTGW/value/otgw-84F3EB22B8E1/status_slave -C------
2026-09-24T20:45:43+0200 OTGW/value/otgw-84F3EB22B8E1/flame OFF
2026-09-24T20:45:43+0200 OTGW/value/otgw-84F3EB22B8E1/Tr 20.55
2026-09-24T20:45:45+0200 OTGW/value/otgw-84F3EB22B8E1/TrSet 22.00
2026-09-24T20:45:47+0200 OTGW/value/otgw-84F3EB22B8E1/status_slave -CWF----
2026-09-24T20:45:47+0200 OTGW/value/otgw-84F3EB22B8E1/domestichotwater ON
2026-09-24T20:45:47+0200 OTGW/value/otgw-84F3EB22B8E1/flame ON
2026-09-24T20:45:48+0200 OTGW/value/otgw-84F3EB22B8E1/Toutside 8.90
2026-09-24T20:45:50+0200 OTGW/value/otgw-84F3EB22B8E1/TdhwSet 57.00
2026-09-24T20:45:51+0200 OTGW/value/otgw-84F3EB22B8E1/MaxTSet 79.00
2026-09-24T20:45:53+0200 OTGW/value/otgw-84F3EB22B8E1/status_slave ---F----
2026-09-24T20:45:53+0200 OTGW/value/otgw-84F3EB22B8E1/centralheating OFF
2026-09-24T20:45:53+0200 OTGW/value/otgw-84F3EB22B8E1/domestichotwater OFF
2026-09-24T20:45:53+0200 OTGW/value/otgw-84F3EB22B8E1/hvac_action idle
2026-09-24T20:45:54+0200 OTGW/value/otgw-84F3EB22B8E1/TSet 46.00
2026-09-24T20:45:56+0200 OTGW/value/otgw-84F3EB22B8E1/Tboiler 48.00
2026-09-24T20:45:58+0200 OTGW/value/otgw-84F3EB22B8E1/status_slave EC-F----
2026-09-24T20:45:58+0200 OTGW/value/otgw-84F3EB22B8E1/fault ON
2026-09-24T20:45:58+0200 OTGW/value/otgw-84F3EB22B8E1/centralheating ON
2026-09-24T20:45:58+0200 OTGW/value/otgw-84F3EB22B8E1/hvac_action heating
2026-09-24T20:45:59+0200 OTGW/value/otgw-84F3EB22B8E1/Tret 38.00
2026-09-24T20:46:01+0200 OTGW/value/otgw-84F3EB22B8E1/RelModLevel 24.00
2026-09-24T20:46:02+0200 OTGW/value/otgw-84F3EB22B8E1/status_slave EC------
2026-09-24T20:46:02+0200 OTGW/value/otgw-84F3EB22B8E1/flame OFF
2026-09-24T20:46:04+0200 OTGW/value/otgw-84F3EB22B8E1/CHPressure 1.52
2026-09-24T20:46:05+0200 OTGW/value/otgw-84F3EB22B8E1/Tdhw 51.20
2026-09-24T20:46:06+0200 OTGW/value/otgw-84F3EB22B8E1/cooling_enable OFF
2026-09-24T20:46:06+0200 OTGW/value/otgw-84F3EB22B8E1/otc_active OFF
2026-09-24T20:46:06+0200 OTGW/value/otgw-84F3EB22B8E1/ch2_enable OFF
2026-09-24T20:46:06+0200 OTGW/value/otgw-84F3EB22B8E1/summerwintertime OFF
2026-09-24T20:46:06+0200 OTGW/value/otgw-84F3EB22B8E1/dhw_blocking OFF
2026-09-24T20:46:06+0200 OTGW/value/otgw-84F3EB22B8E1/hvac_mode heat
2026-09-24T20:46:07+0200 OTGW/value/otgw-84F3EB22B8E1/status_slave -C-F----
2026-09-24T20:46:07+0200 OTGW/value/otgw-84F3EB22B8E1/fault OFF
2026-09-24T20:46:07+0200 OTGW/value/otgw-84F3EB22B8E1/flame ON
2026-09-24T20:46:07+0200 OTGW/value/otgw-84F3EB22B8E1/Tr 20.60
2026-09-24T20:46:09+0200 OTGW/value/otgw-84F3EB22B8E1/TrSet 20.50
2026-09-24T20:46:11+0200 OTGW/value/otgw-84F3EB22B8E1/status_slave --------
2026-09-24T20:46:11+0200 OTGW/value/otgw-84F3EB22B8E1/centralheating OFF
2026-09-24T20:46:11+0200 OTGW/value/otgw-84F3EB22B8E1/flame OFF
2026-09-24T20:46:11+0200 OTGW/value/otgw-84F3EB22B8E1/hvac_action idle
2026-09-24T20:46:13+0200 OTGW/value/otgw-84F3EB22B8E1/Toutside 8.80
2026-09-24T20:46:14+0200 OTGW/value/otgw-84F3EB22B8E1/TdhwSet 55.00
2026-09-24T20:46:16+0200 OTGW/value/otgw-84F3EB22B8E1/MaxTSet 78.00
2026-09-24T20:46:16+0200 OTGW/value/otgw-84F3EB22B8E1/status_master CD---W--
2026-09-24T20:46:16+0200 OTGW/value/otgw-84F3EB22B8E1/ch_enable ON
2026-09-24T20:46:16+0200 OTGW/value/otgw-84F3EB22B8E1/dhw_enable ON
2026-09-24T20:46:17+0200 OTGW/value/otgw-84F3EB22B8E1/status_slave -C-F----
2026-09-24T20:46:17+0200 OTGW/value/otgw-84F3EB22B8E1/centralheating ON
2026-09-24T20:46:17+0200 OTGW/value/otgw-84F3EB22B8E1/flame ON
2026-09-24T20:46:17+0200 OTGW/value/otgw-84F3EB22B8E1/cooling OFF
2026-09-24T20:46:17+0200 OTGW/value/otgw-84F3EB22B8E1/centralheating2 OFF
2026-09-24T20:46:17+0200 OTGW/value/otgw-84F3EB22B8E1/diagnostic_indicator OFF
2026-09-24T20:46:17+0200 OTGW/value/otgw-84F3EB22B8E1/electric_production OFF
2026-09-24T20:46:17+0200 OTGW/value/otgw-84F3EB22B8E1/hvac_action heating
2026-09-24T20:46:18+0200 OTGW/value/otgw-84F3EB22B8E1/TSet 46.50
2026-09-24T20:46:19+0200 OTGW/value/otgw-84F3EB22B8E1/otgw-firmware/uptime 83054
2026-09-24T20:46:19+0200 OTGW/value/otgw-84F3EB22B8E1/otgw-firmware/hostname OTGW
2026-09-24T20:46:19+0200 OTGW/value/otgw-84F3EB22B8E1/otgw-firmware/version 1.7.6-beta.5+e0e0d3b
2026-09-24T20:46:19+0200 OTGW/value/otgw-84F3EB22B8E1/otgw-firmware/reboot_count 12
2026-09-24T20:46:19+0200 OTGW/value/otgw-84F3EB22B8E1/otgw-firmware/reboot_reason Software/System restart
2026-09-24T20:46:19+0200 OTGW/value/otgw-84F3EB22B8E1/otgw-pic/version 6.8
2026-09-24T20:46:19+0200 OTGW/value/otgw-84F3EB22B8E1/otgw-pic/deviceid pic16f1847
2026-09-24T20:46:19+0200 OTGW/value/otgw-84F3EB22B8E1/otgw-pic/firmwaretype gateway
2026-09-24T20:46:19+0200 OTGW/value/otgw-84F3EB22B8E1/otgw-pic/designer Schelte Bron
2026-09-24T20:46:19+0200 OTGW/value/otgw-84F3EB22B8E1/otgw-pic/picavailable ON
2026-09-24T20:46:19+0200 OTGW/value/otgw-84F3EB22B8E1/otgw-pic/boiler_connected ON
2026-09-24T20:46:19+0200 OTGW/value/otgw-84F3EB22B8E1/otgw-pic/thermostat_connected ON
2026-09-24T20:46:19+0200 OTGW/value/otgw-84F3EB22B8E1/otgw-pic/otgw_connected ON
2026-09-24T20:46:19+0200 OTGW/value/otgw-84F3EB22B8E1/otgw-pic/gateway_mode ON
2026-09-24T20:46:19+0200 OTGW/value/otgw-84F3EB22B8E1/otgw-pic/settings/setpoint_override N
2026-09-24T20:46:19+0200 OTGW/value/otgw-84F3EB22B8E1/otgw-pic/settings/setback 16.00
2026-09-24T20:46:19+0200 OTGW/value/otgw-84F3EB22B8E1/otgw-pic/settings/dhw_override A
2026-09-24T20:46:20+0200 OTGW/value/otgw-84F3EB22B8E1/Tboiler 48.25
2026-09-24T20:46:22+0200 OTGW/value/otgw-84F3EB22B8E1/status_slave -C------
2026-09-24T20:46:22+0200 OTGW/value/otgw-84F3EB22B8E1/flame OFF
2026-09-24T20:46:23+0200 OTGW/value/otgw-84F3EB22B8E1/Tret 38.25
2026-09-24T20:46:25+0200 OTGW/value/otgw-84F3EB22B8E1/RelModLevel 26.00
2026-09-24T20:46:26+0200 OTGW/value/otgw-84F3EB22B8E1/status_slave -CWF----
2026-09-24T20:46:26+0200 OTGW/value/otgw-84F3EB22B8E1/domestichotwater ON
2026-09-24T20:46:26+0200 OTGW/value/otgw-84F3EB22B8E1/flame ON
2026-09-24T20:46:28+0200 OTGW/value/otgw-84F3EB22B8E1/CHPressure 1.53
2026-09-24T20:46:29+0200 OTGW/value/otgw-84F3EB22B8E1/Tdhw 51.30
2026-09-24T20:46:31+0200 OTGW/value/otgw-84F3EB22B8E1/status_slave ---F----
2026-09-24T20:46:31+0200 OTGW/value/otgw-84F3EB22B8E1/centralheating OFF
2026-09-24T20:46:31+0200 OTGW/value/otgw-84F3EB22B8E1/domestichotwater OFF
2026-09-24T20:46:31+0200 OTGW/value/otgw-84F3EB22B8E1/hvac_action idle
2026-09-24T20:46:31+0200 OTGW/value/otgw-84F3EB22B8E1/Tr 20.65
2026-09-24T20:46:33+0200 OTGW/value/otgw-84F3EB22B8E1/TrSet 21.00
2026-09-24T20:46:35+0200 OTGW/value/otgw-84F3EB22B8E1/status_slave EC-F----
2026-09-24T20:46:35+0200 OTGW/value/otgw-84F3EB22B8E1/fault ON
2026-09-24T20:46:35+0200 OTGW/value/otgw-84F3EB22B8E1/centralheating ON
2026-09-24T20:46:35+0200 OTGW/value/otgw-84F3EB22B8E1/hvac_action heating
2026-09-24T20:46:37+0200 OTGW/value/otgw-84F3EB22B8E1/Toutside 8.70
2026-09-24T20:46:38+0200 OTGW/value/otgw-84F3EB22B8E1/TdhwSet 56.00
2026-09-24T20:46:40+0200 OTGW/value/otgw-84F3EB22B8E1/MaxTSet 77.00
2026-09-24T20:46:41+0200 OTGW/value/otgw-84F3EB22B8E1/status_slave EC------
2026-09-24T20:46:41+0200 OTGW/value/otgw-84F3EB22B8E1/flame OFF
2026-09-24T20:46:42+0200 OTGW/value/otgw-84F3EB22B8E1/TSet 47.00
2026-09-24T20:46:44+0200 OTGW/value/otgw-84F3EB22B8E1/Tboiler 48.50
2026-09-24T20:46:46+0200 OTGW/value/otgw-84F3EB22B8E1/status_slave -C-F----
2026-09-24T20:46:46+0200 OTGW/value/otgw-84F3EB22B8E1/fault OFF
2026-09-24T20:46:46+0200 OTGW/value/otgw-84F3EB22B8E1/flame ON
2026-09-24T20:46:47+0200 OTGW/value/otgw-84F3EB22B8E1/Tret 38.50
2026-09-24T20:46:49+0200 OTGW/value/otgw-84F3EB22B8E1/RelModLevel 28.00
2026-09-24T20:46:50+0200 OTGW/value/otgw-84F3EB22B8E1/status_slave --------
2026-09-24T20:46:50+0200 OTGW/value/otgw-84F3EB22B8E1/centralheating OFF
2026-09-24T20:46:50+0200 OTGW/value/otgw-84F3EB22B8E1/flame OFF
2026-09-24T20:46:50+0200 OTGW/value/otgw-84F3EB22B8E1/hvac_action idle
2026-09-24T20:46:52+0200 OTGW/value/otgw-84F3EB22B8E1/CHPressure 1.54
2026-09-24T20:46:53+0200 OTGW/value/otgw-84F3EB22B8E1/Tdhw 51.40
2026-09-24T20:46:55+0200 OTGW/value/otgw-84F3EB22B8E1/status_slave -C-F----
2026-09-24T20:46:55+0200 OTGW/value/otgw-84F3EB22B8E1/centralheating ON
2026-09-24T20:46:55+0200 OTGW/value/otgw-84F3EB22B8E1/flame ON
2026-09-24T20:46:55+0200 OTGW/value/otgw-84F3EB22B8E1/hvac_action heating
2026-09-24T20:46:56+0200 OTGW/value/otgw-84F3EB22B8E1/Tr 20.70
2026-09-24T20:46:57+0200 OTGW/value/otgw-84F3EB22B8E1/TrSet 21.50
2026-09-24T20:46:59+0200 OTGW/value/otgw-84F3EB22B8E1/status_slave -C------
2026-09-24T20:46:59+0200 OTGW/value/otgw-84F3EB22B8E1/flame OFF
2026-09-24T20:47:01+0200 OTGW/value/otgw-84F3EB22B8E1/Toutside 8.60
2026-09-24T20:47:02+0200 OTGW/value/otgw-84F3EB22B8E1/TdhwSet 57.00
2026-09-24T20:47:04+0200 OTGW/value/otgw-84F3EB22B8E1/MaxTSet 76.00
2026-09-24T20:47:05+0200 OTGW/value/otgw-84F3EB22B8E1/status_slave -CWF----
2026-09-24T20:47:05+0200 OTGW/value/otgw-84F3EB22B8E1/domestichotwater ON
2026-09-24T20:47:05+0200 OTGW/value/otgw-84F3EB22B8E1/flame ON
2026-09-24T20:47:06+0200 OTGW/value/otgw-84F3EB22B8E1/TSet 47.50
2026-09-24T20:47:08+0200 OTGW/value/otgw-84F3EB22B8E1/Tboiler 48.75
2026-09-24T20:47:09+0200 OTGW/value/otgw-84F3EB22B8E1/cooling_enable OFF
2026-09-24T20:47:09+0200 OTGW/value/otgw-84F3EB22B8E1/otc_active OFF
2026-09-24T20:47:09+0200 OTGW/value/otgw-84F3EB22B8E1/ch2_enable OFF
2026-09-24T20:47:09+0200 OTGW/value/otgw-84F3EB22B8E1/summerwintertime OFF
2026-09-24T20:47:09+0200 OTGW/value/otgw-84F3EB22B8E1/dhw_blocking OFF
2026-09-24T20:47:10+0200 OTGW/value/otgw-84F3EB22B8E1/status_slave ---F----
2026-09-24T20:47:10+0200 OTGW/value/otgw-84F3EB22B8E1/centralheating OFF
2026-09-24T20:47:10+0200 OTGW/value/otgw-84F3EB22B8E1/domestichotwater OFF
2026-09-24T20:47:10+0200 OTGW/value/otgw-84F3EB22B8E1/hvac_action idle
2026-09-24T20:47:11+0200 OTGW/value/otgw-84F3EB22B8E1/Tret 38.75
2026-09-24T20:47:13+0200 OTGW/value/otgw-84F3EB22B8E1/RelModLevel 30.00
2026-09-24T20:47:14+0200 OTGW/value/otgw-84F3EB22B8E1/status_slave EC-F----
2026-09-24T20:47:14+0200 OTGW/value/otgw-84F3EB22B8E1/fault ON
2026-09-24T20:47:14+0200 OTGW/value/otgw-84F3EB22B8E1/centralheating ON
2026-09-24T20:47:14+0200 OTGW/value/otgw-84F3EB22B8E1/hvac_action heating
2026-09-24T20:47:16+0200 OTGW/value/otgw-84F3EB22B8E1/CHPressure 1.55
2026-09-24T20:47:17+0200 OTGW/value/otgw-84F3EB22B8E1/Tdhw 51.50
2026-09-24T20:47:18+0200 OTGW/value/otgw-84F3EB22B8E1/status_master CD---W--
2026-09-24T20:47:18+0200 OTGW/value/otgw-84F3EB22B8E1/ch_enable ON
2026-09-24T20:47:18+0200 OTGW/value/otgw-84F3EB22B8E1/dhw_enable ON
2026-09-24T20:47:19+0200 OTGW/value/otgw-84F3EB22B8E1/status_slave EC------
2026-09-24T20:47:19+0200 OTGW/value/otgw-84F3EB22B8E1/flame OFF
2026-09-24T20:47:19+0200 OTGW/value/otgw-84F3EB22B8E1/cooling OFF
2026-09-24T20:47:19+0200 OTGW/value/otgw-84F3EB22B8E1/centralheating2 OFF
2026-09-24T20:47:19+0200 OTGW/value/otgw-84F3EB22B8E1/diagnostic_indicator OFF
2026-09-24T20:47:19+0200 OTGW/value/otgw-84F3EB22B8E1/electric_production OFF
2026-09-24T20:47:20+0200 OTGW/value/otgw-84F3EB22B8E1/Tr 20.75
2026-09-24T20:47:21+0200 OTGW/value/otgw-84F3EB22B8E1/TrSet 22.00
2026-09-24T20:47:28+0200 OTGW/value/otgw-84F3EB22B8E1/status_slave -C-F----
2026-09-24T20:47:28+0200 OTGW/value/otgw-84F3EB22B8E1/fault OFF
2026-09-24T20:47:28+0200 OTGW/value/otgw-84F3EB22B8E1/flame ON
2026-09-24T20:47:28+0200 OTGW/value/otgw-84F3EB22B8E1/Toutside 8.50
2026-09-24T20:47:28+0200 OTGW/value/otgw-84F3EB22B8E1/TdhwSet 55.00
2026-09-24T20:47:28+0200 OTGW/value/otgw-84F3EB22B8E1/MaxTSet 80.00
2026-09-24T20:47:30+0200 OTGW/value/otgw-84F3EB22B8E1/status_slave --------
2026-09-24T20:47:30+0200 OTGW/value/otgw-84F3EB22B8E1/centralheating OFF
2026-09-24T20:47:30+0200 OTGW/value/otgw-84F3EB22B8E1/flame OFF
2026-09-24T20:47:30+0200 OTGW/value/otgw-84F3EB22B8E1/hvac_action idle
2026-09-24T20:47:30+0200 OTGW/value/otgw-84F3EB22B8E1/TSet 48.00
2026-09-24T20:47:33+0200 OTGW/value/otgw-84F3EB22B8E1/Tboiler 49.00
2026-09-24T20:47:34+0200 OTGW/value/otgw-84F3EB22B8E1/status_slave -C-F----
2026-09-24T20:47:34+0200 OTGW/value/otgw-84F3EB22B8E1/centralheating ON
2026-09-24T20:47:34+0200 OTGW/value/otgw-84F3EB22B8E1/flame ON
2026-09-24T20:47:34+0200 OTGW/value/otgw-84F3EB22B8E1/hvac_action heating
2026-09-24T20:47:36+0200 OTGW/value/otgw-84F3EB22B8E1/Tret 39.00
2026-09-24T20:47:37+0200 OTGW/value/otgw-84F3EB22B8E1/RelModLevel 32.00
2026-09-24T20:47:39+0200 OTGW/value/otgw-84F3EB22B8E1/status_slave -C------
2026-09-24T20:47:39+0200 OTGW/value/otgw-84F3EB22B8E1/flame OFF
2026-09-24T20:47:40+0200 OTGW/value/otgw-84F3EB22B8E1/CHPressure 1.56
2026-09-24T20:47:42+0200 OTGW/value/otgw-84F3EB22B8E1/Tdhw 51.60
2026-09-24T20:47:43+0200 OTGW/value/otgw-84F3EB22B8E1/status_slave -CWF----
2026-09-24T20:47:43+0200 OTGW/value/otgw-84F3EB22B8E1/domestichotwater ON
2026-09-24T20:47:43+0200 OTGW/value/otgw-84F3EB22B8E1/flame ON
2026-09-24T20:47:44+0200 OTGW/value/otgw-84F3EB22B8E1/Tr 20.80
2026-09-24T20:47:45+0200 OTGW/value/otgw-84F3EB22B8E1/TrSet 20.50
2026-09-24T20:47:48+0200 OTGW/value/otgw-84F3EB22B8E1/status_slave ---F----
2026-09-24T20:47:48+0200 OTGW/value/otgw-84F3EB22B8E1/centralheating OFF
2026-09-24T20:47:48+0200 OTGW/value/otgw-84F3EB22B8E1/domestichotwater OFF
2026-09-24T20:47:48+0200 OTGW/value/otgw-84F3EB22B8E1/hvac_action idle
2026-09-24T20:47:49+0200 OTGW/value/otgw-84F3EB22B8E1/Toutside 8.40
2026-09-24T20:47:51+0200 OTGW/value/otgw-84F3EB22B8E1/TdhwSet 56.00
2026-09-24T20:47:52+0200 OTGW/value/otgw-84F3EB22B8E1/MaxTSet 79.00
2026-09-24T20:47:54+0200 OTGW/value/otgw-84F3EB22B8E1/status_slave EC-F----
2026-09-24T20:47:54+0200 OTGW/value/otgw-84F3EB22B8E1/fault ON
2026-09-24T20:47:54+0200 OTGW/value/otgw-84F3EB22B8E1/centralheating ON
2026-09-24T20:47:54+0200 OTGW/value/otgw-84F3EB22B8E1/hvac_action heating
2026-09-24T20:47:54+0200 OTGW/value/otgw-84F3EB22B8E1/TSet 48.50
2026-09-24T20:47:57+0200 OTGW/value/otgw-84F3EB22B8E1/Tboiler 49.25
2026-09-24T20:47:58+0200 OTGW/value/otgw-84F3EB22B8E1/status_slave EC------
2026-09-24T20:47:58+0200 OTGW/value/otgw-84F3EB22B8E1/flame OFF
2026-09-24T20:48:00+0200 OTGW/value/otgw-84F3EB22B8E1/Tret 39.25
2026-09-24T20:48:01+0200 OTGW/value/otgw-84F3EB22B8E1/RelModLevel 34.00
2026-09-24T20:48:03+0200 OTGW/value/otgw-84F3EB22B8E1/status_slave -C-F----
2026-09-24T20:48:03+0200 OTGW/value/otgw-84F3EB22B8E1/fault OFF
2026-09-24T20:48:03+0200 OTGW/value/otgw-84F3EB22B8E1/flame ON
2026-09-24T20:48:04+0200 OTGW/value/otgw-84F3EB22B8E1/CHPressure 1.57
2026-09-24T20:48:06+0200 OTGW/value/otgw-84F3EB22B8E1/Tdhw 51.70
2026-09-24T20:48:07+0200 OTGW/value/otgw-84F3EB22B8E1/status_slave --------
2026-09-24T20:48:07+0200 OTGW/value/otgw-84F3EB22B8E1/centralheating OFF
2026-09-24T20:48:07+0200 OTGW/value/otgw-84F3EB22B8E1/flame OFF
2026-09-24T20:48:07+0200 OTGW/value/otgw-84F3EB22B8E1/hvac_action idle
2026-09-24T20:48:08+0200 OTGW/value/otgw-84F3EB22B8E1/Tr 20.85
2026-09-24T20:48:10+0200 OTGW/value/otgw-84F3EB22B8E1/TrSet 21.00
2026-09-24T20:48:11+0200 OTGW/value/otgw-84F3EB22B8E1/cooling_enable OFF
2026-09-24T20:48:11+0200 OTGW/value/otgw-84F3EB22B8E1/otc_active OFF
2026-09-24T20:48:11+0200 OTGW/value/otgw-84F3EB22B8E1/ch2_enable OFF
2026-09-24T20:48:11+0200 OTGW/value/otgw-84F3EB22B8E1/summerwintertime OFF
2026-09-24T20:48:11+0200 OTGW/value/otgw-84F3EB22B8E1/dhw_blocking OFF
2026-09-24T20:48:12+0200 OTGW/value/otgw-84F3EB22B8E1/status_slave -C-F----
2026-09-24T20:48:12+0200 OTGW/value/otgw-84F3EB22B8E1/centralheating ON
2026-09-24T20:48:12+0200 OTGW/value/otgw-84F3EB22B8E1/flame ON
2026-09-24T20:48:12+0200 OTGW/value/otgw-84F3EB22B8E1/hvac_action heating
2026-09-24T20:48:13+0200 OTGW/value/otgw-84F3EB22B8E1/Toutside 8.30
2026-09-24T20:48:15+0200 OTGW/value/otgw-84F3EB22B8E1/TdhwSet 57.00
2026-09-24T20:48:16+0200 OTGW/value/otgw-84F3EB22B8E1/MaxTSet 78.00
2026-09-24T20:48:18+0200 OTGW/value/otgw-84F3EB22B8E1/status_slave -C------
2026-09-24T20:48:18+0200 OTGW/value/otgw-84F3EB22B8E1/flame OFF
2026-09-24T20:48:19+0200 OTGW/value/otgw-84F3EB22B8E1/TSet 49.00
2026-09-24T20:48:21+0200 OTGW/value/otgw-84F3EB22B8E1/Tboiler 49.50
2026-09-24T20:48:22+0200 OTGW/value/otgw-84F3EB22B8E1/status_master CD---W--
2026-09-24T20:48:22+0200 OTGW/value/otgw-84F3EB22B8E1/ch_enable ON
2026-09-24T20:48:22+0200 OTGW/value/otgw-84F3EB22B8E1/dhw_enable ON
2026-09-24T20:48:22+0200 OTGW/value/otgw-84F3EB22B8E1/status_slave -CWF----
2026-09-24T20:48:22+0200 OTGW/value/otgw-84F3EB22B8E1/domestichotwater ON
2026-09-24T20:48:22+0200 OTGW/value/otgw-84F3EB22B8E1/flame ON
2026-09-24T20:48:22+0200 OTGW/value/otgw-84F3EB22B8E1/cooling OFF
2026-09-24T20:48:22+0200 OTGW/value/otgw-84F3EB22B8E1/centralheating2 OFF
2026-09-24T20:48:22+0200 OTGW/value/otgw-84F3EB22B8E1/diagnostic_indicator OFF
2026-09-24T20:48:22+0200 OTGW/value/otgw-84F3EB22B8E1/electric_production OFF
2026-09-24T20:48:24+0200 OTGW/value/otgw-84F3EB22B8E1/Tret 39.50
2026-09-24T20:48:25+0200 OTGW/value/otgw-84F3EB22B8E1/RelModLevel 36.00
2026-09-24T20:48:27+0200 OTGW/value/otgw-84F3EB22B8E1/status_slave ---F----
2026-09-24T20:48:27+0200 OTGW/value/otgw-84F3EB22B8E1/centralheating OFF
2026-09-24T20:48:27+0200 OTGW/value/otgw-84F3EB22B8E1/domestichotwater OFF
2026-09-24T20:48:27+0200 OTGW/value/otgw-84F3EB22B8E1/hvac_action idle
2026-09-24T20:48:28+0200 OTGW/value/otgw-84F3EB22B8E1/CHPressure 1.58
2026-09-24T20:48:30+0200 OTGW/value/otgw-84F3EB22B8E1/Tdhw 51.80
2026-09-24T20:48:31+0200 OTGW/value/otgw-84F3EB22B8E1/status_slave EC-F----
2026-09-24T20:48:31+0200 OTGW/value/otgw-84F3EB22B8E1/fault ON
2026-09-24T20:48:31+0200 OTGW/value/otgw-84F3EB22B8E1/centralheating ON
2026-09-24T20:48:31+0200 OTGW/value/otgw-84F3EB22B8E1/hvac_action heating
2026-09-24T20:48:32+0200 OTGW/value/otgw-84F3EB22B8E1/Tr 20.90
2026-09-24T20:48:34+0200 OTGW/value/otgw-84F3EB22B8E1/TrSet 21.50
2026-09-24T20:48:36+0200 OTGW/value/otgw-84F3EB22B8E1/status_slave EC------
2026-09-24T20:48:36+0200 OTGW/value/otgw-84F3EB22B8E1/flame OFF
2026-09-24T20:48:37+0200 OTGW/value/otgw-84F3EB22B8E1/Toutside 8.20
2026-09-24T20:48:39+0200 OTGW/value/otgw-84F3EB22B8E1/TdhwSet 55.00
2026-09-24T20:48:40+0200 OTGW/value/otgw-84F3EB22B8E1/MaxTSet 77.00
2026-09-24T20:48:42+0200 OTGW/value/otgw-84F3EB22B8E1/status_slave -C-F----
2026-09-24T20:48:42+0200 OTGW/value/otgw-84F3EB22B8E1/fault OFF
2026-09-24T20:48:42+0200 OTGW/value/otgw-84F3EB22B8E1/flame ON
2026-09-24T20:48:43+0200 OTGW/value/otgw-84F3EB22B8E1/TSet 49.50
2026-09-24T20:48:45+0200 OTGW/value/otgw-84F3EB22B8E1/Tboiler 49.75
2026-09-24T20:48:46+0200 OTGW/value/otgw-84F3EB22B8E1/status_slave --------
2026-09-24T20:48:46+0200 OTGW/value/otgw-84F3EB22B8E1/centralheating OFF
2026-09-24T20:48:46+0200 OTGW/value/otgw-84F3EB22B8E1/flame OFF
2026-09-24T20:48:46+0200 OTGW/value/otgw-84F3EB22B8E1/hvac_action idle
2026-09-24T20:48:48+0200 OTGW/value/otgw-84F3EB22B8E1/Tret 39.75
2026-09-24T20:48:49+0200 OTGW/value/otgw-84F3EB22B8E1/RelModLevel 38.00
2026-09-24T20:48:51+0200 OTGW/value/otgw-84F3EB22B8E1/status_slave -C-F----
2026-09-24T20:48:51+0200 OTGW/value/otgw-84F3EB22B8E1/centralheating ON
2026-09-24T20:48:51+0200 OTGW/value/otgw-84F3EB22B8E1/flame ON
2026-09-24T20:48:51+0200 OTGW/value/otgw-84F3EB22B8E1/hvac_action heating
2026-09-24T20:48:52+0200 OTGW/value/otgw-84F3EB22B8E1/CHPressure 1.59
2026-09-24T20:48:54+0200 OTGW/value/otgw-84F3EB22B8E1/Tdhw 51.90
2026-09-24T20:48:56+0200 OTGW/value/otgw-84F3EB22B8E1/status_slave -C------
2026-09-24T20:48:56+0200 OTGW/value/otgw-84F3EB22B8E1/flame OFF
2026-09-24T20:48:56+0200 OTGW/value/otgw-84F3EB22B8E1/Tr 20.95
2026-09-24T20:48:58+0200 OTGW/value/otgw-84F3EB22B8E1/TrSet 22.00
2026-09-24T20:49:00+0200 OTGW/value/otgw-84F3EB22B8E1/status_slave -CWF----
2026-09-24T20:49:00+0200 OTGW/value/otgw-84F3EB22B8E1/domestichotwater ON
2026-09-24T20:49:00+0200 OTGW/value/otgw-84F3EB22B8E1/flame ON
2026-09-24T20:49:02+0200 OTGW/value/otgw-84F3EB22B8E1/Toutside 8.10
2026-09-24T20:49:03+0200 OTGW/value/otgw-84F3EB22B8E1/TdhwSet 56.00
2026-09-24T20:49:05+0200 OTGW/value/otgw-84F3EB22B8E1/MaxTSet 76.00
2026-09-24T20:49:06+0200 OTGW/value/otgw-84F3EB22B8E1/status_slave ---F----
2026-09-24T20:49:06+0200 OTGW/value/otgw-84F3EB22B8E1/centralheating OFF
2026-09-24T20:49:06+0200 OTGW/value/otgw-84F3EB22B8E1/domestichotwater OFF
2026-09-24T20:49:06+0200 OTGW/value/otgw-84F3EB22B8E1/hvac_action idle
2026-09-24T20:49:07+0200 OTGW/value/otgw-84F3EB22B8E1/TSet 50.00
2026-09-24T20:49:09+0200 OTGW/value/otgw-84F3EB22B8E1/Tboiler 50.00
2026-09-24T20:49:11+0200 OTGW/value/otgw-84F3EB22B8E1/status_slave EC-F----
2026-09-24T20:49:11+0200 OTGW/value/otgw-84F3EB22B8E1/fault ON
2026-09-24T20:49:11+0200 OTGW/value/otgw-84F3EB22B8E1/centralheating ON
2026-09-24T20:49:11+0200 OTGW/value/otgw-84F3EB22B8E1/hvac_action heating
2026-09-24T20:49:12+0200 OTGW/value/otgw-84F3EB22B8E1/Tret 40.00
2026-09-24T20:49:14+0200 OTGW/value/otgw-84F3EB22B8E1/RelModLevel 40.00
2026-09-24T20:49:14+0200 OTGW/value/otgw-84F3EB22B8E1/cooling_enable OFF
2026-09-24T20:49:14+0200 OTGW/value/otgw-84F3EB22B8E1/otc_active OFF
2026-09-24T20:49:14+0200 OTGW/value/otgw-84F3EB22B8E1/ch2_enable OFF
2026-09-24T20:49:14+0200 OTGW/value/otgw-84F3EB22B8E1/summerwintertime OFF
2026-09-24T20:49:14+0200 OTGW/value/otgw-84F3EB22B8E1/dhw_blocking OFF
2026-09-24T20:49:15+0200 OTGW/value/otgw-84F3EB22B8E1/status_slave EC------
2026-09-24T20:49:15+0200 OTGW/value/otgw-84F3EB22B8E1/flame OFF
2026-09-24T20:49:17+0200 OTGW/value/otgw-84F3EB22B8E1/CHPressure 1.50
2026-09-24T20:49:18+0200 OTGW/value/otgw-84F3EB22B8E1/Tdhw 52.00
2026-09-24T20:49:20+0200 OTGW/value/otgw-84F3EB22B8E1/status_slave -C-F----
2026-09-24T20:49:20+0200 OTGW/value/otgw-84F3EB22B8E1/fault OFF
2026-09-24T20:49:20+0200 OTGW/value/otgw-84F3EB22B8E1/flame ON
2026-09-24T20:49:20+0200 OTGW/value/otgw-84F3EB22B8E1/Tr 21.00
2026-09-24T20:49:22+0200 OTGW/value/otgw-84F3EB22B8E1/TrSet 20.50
2026-09-24T20:49:23+0200 OTGW/value/otgw-84F3EB22B8E1/status_master CD---W--
2026-09-24T20:49:23+0200 OTGW/value/otgw-84F3EB22B8E1/ch_enable ON
2026-09-24T20:49:23+0200 OTGW/value/otgw-84F3EB22B8E1/dhw_enable ON
2026-09-24T20:49:24+0200 OTGW/value/otgw-84F3EB22B8E1/status_slave --------
2026-09-24T20:49:24+0200 OTGW/value/otgw-84F3EB22B8E1/centralheating OFF
2026-09-24T20:49:24+0200 OTGW/value/otgw-84F3EB22B8E1/flame OFF
2026-09-24T20:49:24+0200 OTGW/value/otgw-84F3EB22B8E1/cooling OFF
2026-09-24T20:49:24+0200 OTGW/value/otgw-84F3EB22B8E1/centralheating2 OFF
2026-09-24T20:49:24+0200 OTGW/value/otgw-84F3EB22B8E1/diagnostic_indicator OFF
2026-09-24T20:49:24+0200 OTGW/value/otgw-84F3EB22B8E1/electric_production OFF
2026-09-24T20:49:24+0200 OTGW/value/otgw-84F3EB22B8E1/hvac_action idle
2026-09-24T20:49:26+0200 OTGW/value/otgw-84F3EB22B8E1/Toutside 8.00
2026-09-24T20:49:27+0200 OTGW/value/otgw-84F3EB22B8E1/TdhwSet 57.00
2026-09-24T20:49:29+0200 OTGW/value/otgw-84F3EB22B8E1/MaxTSet 80.00
2026-09-24T20:49:30+0200 OTGW/value/otgw-84F3EB22B8E1/status_slave -C-F----
2026-09-24T20:49:30+0200 OTGW/value/otgw-84F3EB22B8E1/centralheating ON
2026-09-24T20:49:30+0200 OTGW/value/otgw-84F3EB22B8E1/flame ON
2026-09-24T20:49:30+0200 OTGW/value/otgw-84F3EB22B8E1/hvac_action heating
2026-09-24T20:49:31+0200 OTGW/value/otgw-84F3EB22B8E1/TSet 50.50
2026-09-24T20:49:33+0200 OTGW/value/otgw-84F3EB22B8E1/Tboiler 50.25
2026-09-24T20:49:35+0200 OTGW/value/otgw-84F3EB22B8E1/status_slave -C------
2026-09-24T20:49:35+0200 OTGW/value/otgw-84F3EB22B8E1/flame OFF
2026-09-24T20:49:36+0200 OTGW/value/otgw-84F3EB22B8E1/Tret 40.25
2026-09-24T20:49:38+0200 OTGW/value/otgw-84F3EB22B8E1/RelModLevel 42.00
2026-09-24T20:49:39+0200 OTGW/value/otgw-84F3EB22B8E1/status_slave -CWF----
2026-09-24T20:49:39+0200 OTGW/value/otgw-84F3EB22B8E1/domestichotwater ON
2026-09-24T20:49:39+0200 OTGW/value/otgw-84F3EB22B8E1/flame ON
2026-09-24T20:49:41+0200 OTGW/value/otgw-84F3EB22B8E1/CHPressure 1.51
2026-09-24T20:49:42+0200 OTGW/value/otgw-84F3EB22B8E1/Tdhw 52.10
2026-09-24T20:49:44+0200 OTGW/value/otgw-84F3EB22B8E1/status_slave ---F----
2026-09-24T20:49:44+0200 OTGW/value/otgw-84F3EB22B8E1/centralheating OFF
2026-09-24T20:49:44+0200 OTGW/value/otgw-84F3EB22B8E1/domestichotwater OFF
2026-09-24T20:49:44+0200 OTGW/value/otgw-84F3EB22B8E1/hvac_action idle
2026-09-24T20:49:45+0200 OTGW/value/otgw-84F3EB22B8E1/Tr 21.05
2026-09-24T20:49:46+0200 OTGW/value/otgw-84F3EB22B8E1/TrSet 21.00
2026-09-24T20:49:48+0200 OTGW/value/otgw-84F3EB22B8E1/status_slave EC-F----
2026-09-24T20:49:48+0200 OTGW/value/otgw-84F3EB22B8E1/fault ON
2026-09-24T20:49:48+0200 OTGW/value/otgw-84F3EB22B8E1/centralheating ON
2026-09-24T20:49:48+0200 OTGW/value/otgw-84F3EB22B8E1/hvac_action heating
2026-09-24T20:49:50+0200 OTGW/value/otgw-84F3EB22B8E1/Toutside 7.90
2026-09-24T20:49:51+0200 OTGW/value/otgw-84F3EB22B8E1/TdhwSet 55.00
2026-09-24T20:49:53+0200 OTGW/value/otgw-84F3EB22B8E1/MaxTSet 79.00
2026-09-24T20:49:54+0200 OTGW/value/otgw-84F3EB22B8E1/status_slave EC------
2026-09-24T20:49:54+0200 OTGW/value/otgw-84F3EB22B8E1/flame OFF
2026-09-24T20:49:55+0200 OTGW/value/otgw-84F3EB22B8E1/TSet 51.00
2026-09-24T20:49:57+0200 OTGW/value/otgw-84F3EB22B8E1/Tboiler 50.50
2026-09-24T20:49:59+0200 OTGW/value/otgw-84F3EB22B8E1/status_slave -C-F----
2026-09-24T20:49:59+0200 OTGW/value/otgw-84F3EB22B8E1/fault OFF
2026-09-24T20:49:59+0200 OTGW/value/otgw-84F3EB22B8E1/flame ON
2026-09-24T20:50:00+0200 OTGW/value/otgw-84F3EB22B8E1/Tret 40.50
2026-09-24T20:50:02+0200 OTGW/value/otgw-84F3EB22B8E1/RelModLevel 44.00
2026-09-24T20:50:03+0200 OTGW/value/otgw-84F3EB22B8E1/status_slave --------
2026-09-24T20:50:03+0200 OTGW/value/otgw-84F3EB22B8E1/centralheating OFF
2026-09-24T20:50:03+0200 OTGW/value/otgw-84F3EB22B8E1/flame OFF
2026-09-24T20:50:03+0200 OTGW/value/otgw-84F3EB22B8E1/hvac_action idle
2026-09-24T20:50:05+0200 OTGW/value/otgw-84F3EB22B8E1/CHPressure 1.52
2026-09-24T20:50:06+0200 OTGW/value/otgw-84F3EB22B8E1/Tdhw 52.20
2026-09-24T20:50:08+0200 OTGW/value/otgw-84F3EB22B8E1/status_slave -C-F----
2026-09-24T20:50:08+0200 OTGW/value/otgw-84F3EB22B8E1/centralheating ON
2026-09-24T20:50:08+0200 OTGW/value/otgw-84F3EB22B8E1/flame ON
2026-09-24T20:50:08+0200 OTGW/value/otgw-84F3EB22B8E1/hvac_action heating
2026-09-24T20:50:09+0200 OTGW/value/otgw-84F3EB22B8E1/Tr 21.10
2026-09-24T20:50:10+0200 OTGW/value/otgw-84F3EB22B8E1/TrSet 21.50
2026-09-24T20:50:12+0200 OTGW/value/otgw-84F3EB22B8E1/status_slave -C------
2026-09-24T20:50:12+0200 OTGW/value/otgw-84F3EB22B8E1/flame OFF
2026-09-24T20:50:14+0200 OTGW/value/otgw-84F3EB22B8E1/Toutside 7.80
2026-09-24T20:50:15+0200 OTGW/value/otgw-84F3EB22B8E1/TdhwSet 56.00
2026-09-24T20:50:17+0200 OTGW/value/otgw-84F3EB22B8E1/MaxTSet 78.00
2026-09-24T20:50:18+0200 OTGW/value/otgw-84F3EB22B8E1/cooling_enable OFF
2026-09-24T20:50:18+0200 OTGW/value/otgw-84F3EB22B8E1/otc_active OFF
2026-09-24T20:50:18+0200 OTGW/value/otgw-84F3EB22B8E1/ch2_enable OFF
2026-09-24T20:50:18+0200 OTGW/value/otgw-84F3EB22B8E1/summerwintertime OFF
2026-09-24T20:50:18+0200 OTGW/value/otgw-84F3EB22B8E1/dhw_blocking OFF
2026-09-24T20:50:18+0200 OTGW/value/otgw-84F3EB22B8E1/status_slave -CWF----
2026-09-24T20:50:18+0200 OTGW/value/otgw-84F3EB22B8E1/domestichotwater ON
2026-09-24T20:50:18+0200 OTGW/value/otgw-84F3EB22B8E1/flame ON
2026-09-24T20:50:19+0200 OTGW/value/otgw-84F3EB22B8E1/TSet 51.50
2026-09-24T20:50:21+0200 OTGW/value/otgw-84F3EB22B8E1/Tboiler 50.75
2026-09-24T20:50:23+0200 OTGW/value/otgw-84F3EB22B8E1/status_slave ---F----
2026-09-24T20:50:23+0200 OTGW/value/otgw-84F3EB22B8E1/centralheating OFF
2026-09-24T20:50:23+0200 OTGW/value/otgw-84F3EB22B8E1/domestichotwater OFF
2026-09-24T20:50:23+0200 OTGW/value/otgw-84F3EB22B8E1/hvac_action idle
2026-09-24T20:50:24+0200 OTGW/value/otgw-84F3EB22B8E1/Tret 40.75
2026-09-24T20:50:26+0200 OTGW/value/otgw-84F3EB22B8E1/RelModLevel 46.00
2026-09-24T20:50:27+0200 OTGW/value/otgw-84F3EB22B8E1/status_master CD---W--
2026-09-24T20:50:27+0200 OTGW/value/otgw-84F3EB22B8E1/ch_enable ON
2026-09-24T20:50:27+0200 OTGW/value/otgw-84F3EB22B8E1/dhw_enable ON
2026-09-24T20:50:28+0200 OTGW/value/otgw-84F3EB22B8E1/status_slave EC-F----
2026-09-24T20:50:28+0200 OTGW/value/otgw-84F3EB22B8E1/fault ON
2026-09-24T20:50:28+0200 OTGW/value/otgw-84F3EB22B8E1/centralheating ON
2026-09-24T20:50:28+0200 OTGW/value/otgw-84F3EB22B8E1/cooling OFF
2026-09-24T20:50:28+0200 OTGW/value/otgw-84F3EB22B8E1/centralheating2 OFF
2026-09-24T20:50:28+0200 OTGW/value/otgw-84F3EB22B8E1/diagnostic_indicator OFF
2026-09-24T20:50:28+0200 OTGW/value/otgw-84F3EB22B8E1/electric_production OFF
2026-09-24T20:50:28+0200 OTGW/value/otgw-84F3EB22B8E1/hvac_action heating
2026-09-24T20:50:29+0200 OTGW/value/otgw-84F3EB22B8E1/CHPressure 1.53
2026-09-24T20:50:31+0200 OTGW/value/otgw-84F3EB22B8E1/Tdhw 52.30
2026-09-24T20:50:32+0200 OTGW/value/otgw-84F3EB22B8E1/status_slave EC------
2026-09-24T20:50:32+0200 OTGW/value/otgw-84F3EB22B8E1/flame OFF
2026-09-24T20:50:33+0200 OTGW/value/otgw-84F3EB22B8E1/Tr 21.15
2026-09-24T20:50:34+0200 OTGW/value/otgw-84F3EB22B8E1/TrSet 22.00
2026-09-24T20:50:37+0200 OTGW/value/otgw-84F3EB22B8E1/status_slave -C-F----
2026-09-24T20:50:37+0200 OTGW/value/otgw-84F3EB22B8E1/fault OFF
2026-09-24T20:50:37+0200 OTGW/value/otgw-84F3EB22B8E1/flame ON
2026-09-24T20:50:38+0200 OTGW/value/otgw-84F3EB22B8E1/Toutside 7.70
2026-09-24T20:50:40+0200 OTGW/value/otgw-84F3EB22B8E1/TdhwSet 57.00
2026-09-24T20:50:41+0200 OTGW/value/otgw-84F3EB22B8E1/MaxTSet 77.00
2026-09-24T20:50:43+0200 OTGW/value/otgw-84F3EB22B8E1/status_slave --------
2026-09-24T20:50:43+0200 OTGW/value/otgw-84F3EB22B8E1/centralheating OFF
2026-09-24T20:50:43+0200 OTGW/value/otgw-84F3EB22B8E1/flame OFF
2026-09-24T20:50:43+0200 OTGW/value/otgw-84F3EB22B8E1/hvac_action idle
2026-09-24T20:50:43+0200 OTGW/value/otgw-84F3EB22B8E1/TSet 52.00
2026-09-24T20:50:46+0200 OTGW/value/otgw-84F3EB22B8E1/Tboiler 51.00
2026-09-24T20:50:47+0200 OTGW/value/otgw-84F3EB22B8E1/status_slave -C-F----
2026-09-24T20:50:47+0200 OTGW/value/otgw-84F3EB22B8E1/centralheating ON
2026-09-24T20:50:47+0200 OTGW/value/otgw-84F3EB22B8E1/flame ON
2026-09-24T20:50:47+0200 OTGW/value/otgw-84F3EB22B8E1/hvac_action heating
2026-09-24T20:50:49+0200 OTGW/value/otgw-84F3EB22B8E1/Tret 41.00
2026-09-24T20:50:50+0200 OTGW/value/otgw-84F3EB22B8E1/RelModLevel 48.00
2026-09-24T20:50:52+0200 OTGW/value/otgw-84F3EB22B8E1/status_slave -C------
2026-09-24T20:50:52+0200 OTGW/value/otgw-84F3EB22B8E1/flame OFF
2026-09-24T20:50:53+0200 OTGW/value/otgw-84F3EB22B8E1/CHPressure 1.54
2026-09-24T20:50:55+0200 OTGW/value/otgw-84F3EB22B8E1/Tdhw 52.40
2026-09-24T20:50:56+0200 OTGW/value/otgw-84F3EB22B8E1/status_slave -CWF----
2026-09-24T20:50:56+0200 OTGW/value/otgw-84F3EB22B8E1/domestichotwater ON
2026-09-24T20:50:56+0200 OTGW/value/otgw-84F3EB22B8E1/flame ON
2026-09-24T20:50:57+0200 OTGW/value/otgw-84F3EB22B8E1/Tr 21.20
2026-09-24T20:50:58+0200 OTGW/value/otgw-84F3EB22B8E1/TrSet 20.50
2026-09-24T20:51:01+0200 OTGW/value/otgw-84F3EB22B8E1/status_slave ---F----
2026-09-24T20:51:01+0200 OTGW/value/otgw-84F3EB22B8E1/centralheating OFF
2026-09-24T20:51:01+0200 OTGW/value/otgw-84F3EB22B8E1/domestichotwater OFF
2026-09-24T20:51:01+0200 OTGW/value/otgw-84F3EB22B8E1/hvac_action idle
2026-09-24T20:51:02+0200 OTGW/value/otgw-84F3EB22B8E1/Toutside 7.60
2026-09-24T20:51:04+0200 OTGW/value/otgw-84F3EB22B8E1/TdhwSet 55.00
2026-09-24T20:51:05+0200 OTGW/value/otgw-84F3EB22B8E1/MaxTSet 76.00
2026-09-24T20:51:06+0200 OTGW/value/otgw-84F3EB22B8E1/hvac_mode heat
2026-09-24T20:51:07+0200 OTGW/value/otgw-84F3EB22B8E1/status_slave EC-F----
2026-09-24T20:51:07+0200 OTGW/value/otgw-84F3EB22B8E1/fault ON
2026-09-24T20:51:07+0200 OTGW/value/otgw-84F3EB22B8E1/centralheating ON
2026-09-24T20:51:07+0200 OTGW/value/otgw-84F3EB22B8E1/hvac_action heating
2026-09-24T20:51:07+0200 OTGW/value/otgw-84F3EB22B8E1/TSet 52.50
2026-09-24T20:51:10+0200 OTGW/value/otgw-84F3EB22B8E1/Tboiler 51.25
2026-09-24T20:51:11+0200 OTGW/value/otgw-84F3EB22B8E1/status_slave EC------
2026-09-24T20:51:11+0200 OTGW/value/otgw-84F3EB22B8E1/flame OFF
2026-09-24T20:51:13+0200 OTGW/value/otgw-84F3EB22B8E1/Tret 41.25
2026-09-24T20:51:14+0200 OTGW/value/otgw-84F3EB22B8E1/RelModLevel 50.00
2026-09-24T20:51:16+0200 OTGW/value/otgw-84F3EB22B8E1/status_slave -C-F----
2026-09-24T20:51:16+0200 OTGW/value/otgw-84F3EB22B8E1/fault OFF
2026-09-24T20:51:16+0200 OTGW/value/otgw-84F3EB22B8E1/flame ON
2026-09-24T20:51:17+0200 OTGW/value/otgw-84F3EB22B8E1/CHPressure 1.55
2026-09-24T20:51:19+0200 OTGW/value/otgw-84F3EB22B8E1/Tdhw 52.50
2026-09-24T20:51:19+0200 OTGW/value/otgw-84F3EB22B8E1/otgw-firmware/uptime 83354
2026-09-24T20:51:19+0200 OTGW/value/otgw-84F3EB22B8E1/otgw-firmware/hostname OTGW
2026-09-24T20:51:19+0200 OTGW/value/otgw-84F3EB22B8E1/otgw-firmware/version 1.7.6-beta.5+e0e0d3b
2026-09-24T20:51:19+0200 OTGW/value/otgw-84F3EB22B8E1/otgw-firmware/reboot_count 12
2026-09-24T20:51:19+0200 OTGW/value/otgw-84F3EB22B8E1/otgw-firmware/reboot_reason Software/System restart
2026-09-24T20:51:19+0200 OTGW/value/otgw-84F3EB22B8E1/otgw-pic/version 6.8
2026-09-24T20:51:19+0200 OTGW/value/otgw-84F3EB22B8E1/otgw-pic/deviceid pic16f1847
2026-09-24T20:51:19+0200 OTGW/value/otgw-84F3EB22B8E1/otgw-pic/firmwaretype gateway
2026-09-24T20:51:19+0200 OTGW/value/otgw-84F3EB22B8E1/otgw-pic/designer Schelte Bron
2026-09-24T20:51:19+0200 OTGW/value/otgw-84F3EB22B8E1/otgw-pic/picavailable ON
2026-09-24T20:51:19+0200 OTGW/value/otgw-84F3EB22B8E1/otgw-pic/boiler_connected ON
2026-09-24T20:51:19+0200 OTGW/value/otgw-84F3EB22B8E1/otgw-pic/thermostat_connected ON
2026-09-24T20:51:19+0200 OTGW/value/otgw-84F3EB22B8E1/otgw-pic/otgw_connected ON
2026-09-24T20:51:19+0200 OTGW/value/otgw-84F3EB22B8E1/otgw-pic/gateway_mode ON
2026-09-24T20:51:19+0200 OTGW/value/otgw-84F3EB22B8E1/otgw-pic/settings/setpoint_override N
2026-09-24T20:51:19+0200 OTGW/value/otgw-84F3EB22B8E1/otgw-pic/settings/setback 16.00
2026-09-24T20:51:19+0200 OTGW/value/otgw-84F3EB22B8E1/otgw-pic/settings/dhw_override A
2026-09-24T20:51:19+0200 OTGW/value/otgw-84F3EB22B8E1/otgw-pic/settings/standalone_interval 1000
2026-09-24T20:51:19+0200 OTGW/value/otgw-84F3EB22B8E1/otgw-pic/settings/voltage_ref 5
2026-09-24T20:51:20+0200 OTGW/value/otgw-84F3EB22B8E1/cooling_enable OFF
2026-09-24T20:51:20+0200 OTGW/value/otgw-84F3EB22B8E1/otc_active OFF
2026-09-24T20:51:20+0200 OTGW/value/otgw-84F3EB22B8E1/ch2_enable OFF
2026-09-24T20:51:20+0200 OTGW/value/otgw-84F3EB22B8E1/summerwintertime OFF
2026-09-24T20:51:20+0200 OTGW/value/otgw-84F3EB22B8E1/dhw_blocking OFF
2026-09-24T20:51:20+0200 OTGW/value/otgw-84F3EB22B8E1/status_slave --------
2026-09-24T20:51:20+0200 OTGW/value/otgw-84F3EB22B8E1/centralheating OFF
2026-09-24T20:51:20+0200 OTGW/value/otgw-84F3EB22B8E1/flame OFF
2026-09-24T20:51:20+0200 OTGW/value/otgw-84F3EB22B8E1/hvac_action idle
2026-09-24T20:51:21+0200 OTGW/value/otgw-84F3EB22B8E1/Tr 21.25
2026-09-24T20:51:23+0200 OTGW/value/otgw-84F3EB22B8E1/TrSet 21.00
2026-09-24T20:51:25+0200 OTGW/value/otgw-84F3EB22B8E1/status_slave -C-F----
2026-09-24T20:51:25+0200 OTGW/value/otgw-84F3EB22B8E1/centralheating ON
2026-09-24T20:51:25+0200 OTGW/value/otgw-84F3EB22B8E1/flame ON
2026-09-24T20:51:25+0200 OTGW/value/otgw-84F3EB22B8E1/hvac_action heating
2026-09-24T20:51:26+0200 OTGW/value/otgw-84F3EB22B8E1/Toutside 7.50
2026-09-24T20:51:28+0200 OTGW/value/otgw-84F3EB22B8E1/TdhwSet 56.00
2026-09-24T20:51:29+0200 OTGW/value/otgw-84F3EB22B8E1/MaxTSet 80.00
2026-09-24T20:51:30+0200 OTGW/value/otgw-84F3EB22B8E1/status_master CD---W--
2026-09-24T20:51:30+0200 OTGW/value/otgw-84F3EB22B8E1/ch_enable ON
2026-09-24T20:51:30+0200 OTGW/value/otgw-84F3EB22B8E1/dhw_enable ON
2026-09-24T20:51:31+0200 OTGW/value/otgw-84F3EB22B8E1/status_slave -C------
2026-09-24T20:51:31+0200 OTGW/value/otgw-84F3EB22B8E1/flame OFF
2026-09-24T20:51:31+0200 OTGW/value/otgw-84F3EB22B8E1/cooling OFF
2026-09-24T20:51:31+0200 OTGW/value/otgw-84F3EB22B8E1/centralheating2 OFF
2026-09-24T20:51:31+0200 OTGW/value/otgw-84F3EB22B8E1/diagnostic_indicator OFF
2026-09-24T20:51:31+0200 OTGW/value/otgw-84F3EB22B8E1/electric_production OFF
2026-09-24T20:51:32+0200 OTGW/value/otgw-84F3EB22B8E1/TSet 53.00
2026-09-24T20:51:34+0200 OTGW/value/otgw-84F3EB22B8E1/Tboiler 51.50
2026-09-24T20:51:35+0200 OTGW/value/otgw-84F3EB22B8E1/status_slave -CWF----
2026-09-24T20:51:35+0200 OTGW/value/otgw-84F3EB22B8E1/domestichotwater ON
2026-09-24T20:51:35+0200 OTGW/value/otgw-84F3EB22B8E1/flame ON
2026-09-24T20:51:37+0200 OTGW/value/otgw-84F3EB22B8E1/Tret 41.50
2026-09-24T20:51:38+0200 OTGW/value/otgw-84F3EB22B8E1/RelModLevel 52.00
2026-09-24T20:51:40+0200 OTGW/value/otgw-84F3EB22B8E1/status_slave ---F----
2026-09-24T20:51:40+0200 OTGW/value/otgw-84F3EB22B8E1/centralheating OFF
2026-09-24T20:51:40+0200 OTGW/value/otgw-84F3EB22B8E1/domestichotwater OFF
2026-09-24T20:51:40+0200 OTGW/value/otgw-84F3EB22B8E1/hvac_action idle
2026-09-24T20:51:41+0200 OTGW/value/otgw-84F3EB22B8E1/CHPressure 1.56
2026-09-24T20:51:43+0200 OTGW/value/otgw-84F3EB22B8E1/Tdhw 52.60
2026-09-24T20:51:44+0200 OTGW/value/otgw-84F3EB22B8E1/status_slave EC-F----
2026-09-24T20:51:44+0200 OTGW/value/otgw-84F3EB22B8E1/fault ON
2026-09-24T20:51:44+0200 OTGW/value/otgw-84F3EB22B8E1/centralheating ON
2026-09-24T20:51:44+0200 OTGW/value/otgw-84F3EB22B8E1/hvac_action heating
2026-09-24T20:51:45+0200 OTGW/value/otgw-84F3EB22B8E1/Tr 21.30
2026-09-24T20:51:47+0200 OTGW/value/otgw-84F3EB22B8E1/TrSet 21.50
2026-09-24T20:51:49+0200 OTGW/value/otgw-84F3EB22B8E1/status_slave EC------
2026-09-24T20:51:49+0200 OTGW/value/otgw-84F3EB22B8E1/flame OFF
2026-09-24T20:51:50+0200 OTGW/value/otgw-84F3EB22B8E1/Toutside 7.40
2026-09-24T20:51:52+0200 OTGW/value/otgw-84F3EB22B8E1/TdhwSet 57.00
2026-09-24T20:51:53+0200 OTGW/value/otgw-84F3EB22B8E1/MaxTSet 79.00
2026-09-24T20:51:55+0200 OTGW/value/otgw-84F3EB22B8E1/status_slave -C-F----
2026-09-24T20:51:55+0200 OTGW/value/otgw-84F3EB22B8E1/fault OFF
2026-09-24T20:51:55+0200 OTGW/value/otgw-84F3EB22B8E1/flame ON
2026-09-24T20:51:56+0200 OTGW/value/otgw-84F3EB22B8E1/TSet 53.50
2026-09-24T20:51:58+0200 OTGW/value/otgw-84F3EB22B8E1/Tboiler 51.75
2026-09-24T20:52:00+0200 OTGW/value/otgw-84F3EB22B8E1/status_slave --------
2026-09-24T20:52:00+0200 OTGW/value/otgw-84F3EB22B8E1/centralheating OFF
2026-09-24T20:52:00+0200 OTGW/value/otgw-84F3EB22B8E1/flame OFF
2026-09-24T20:52:00+0200 OTGW/value/otgw-84F3EB22B8E1/hvac_action idle
2026-09-24T20:52:01+0200 OTGW/value/otgw-84F3EB22B8E1/Tret 41.75
2026-09-24T20:52:03+0200 OTGW/value/otgw-84F3EB22B8E1/RelModLevel 54.00
2026-09-24T20:52:04+0200 OTGW/value/otgw-84F3EB22B8E1/status_slave -C-F----
2026-09-24T20:52:04+0200 OTGW/value/otgw-84F3EB22B8E1/centralheating ON
2026-09-24T20:52:04+0200 OTGW/value/otgw-84F3EB22B8E1/flame ON
2026-09-24T20:52:04+0200 OTGW/value/otgw-84F3EB22B8E1/hvac_action heating
2026-09-24T20:52:06+0200 OTGW/value/otgw-84F3EB22B8E1/CHPressure 1.57
2026-09-24T20:52:07+0200 OTGW/value/otgw-84F3EB22B8E1/Tdhw 52.70
2026-09-24T20:52:09+0200 OTGW/value/otgw-84F3EB22B8E1/status_slave -C------
2026-09-24T20:52:09+0200 OTGW/value/otgw-84F3EB22B8E1/flame OFF
2026-09-24T20:52:09+0200 OTGW/value/otgw-84F3EB22B8E1/Tr 21.35
2026-09-24T20:52:11+0200 OTGW/value/otgw-84F3EB22B8E1/TrSet 22.00
2026-09-24T20:52:13+0200 OTGW/value/otgw-84F3EB22B8E1/status_slave -CWF----
2026-09-24T20:52:13+0200 OTGW/value/otgw-84F3EB22B8E1/domestichotwater ON
2026-09-24T20:52:13+0200 OTGW/value/otgw-84F3EB22B8E1/flame ON
2026-09-24T20:52:15+0200 OTGW/value/otgw-84F3EB22B8E1/Toutside 7.30
2026-09-24T20:52:16+0200 OTGW/value/otgw-84F3EB22B8E1/TdhwSet 55.00
2026-09-24T20:52:18+0200 OTGW/value/otgw-84F3EB22B8E1/MaxTSet 78.00
2026-09-24T20:52:19+0200 OTGW/value/otgw-84F3EB22B8E1/status_slave ---F----
2026-09-24T20:52:19+0200 OTGW/value/otgw-84F3EB22B8E1/centralheating OFF
2026-09-24T20:52:19+0200 OTGW/value/otgw-84F3EB22B8E1/domestichotwater OFF
2026-09-24T20:52:19+0200 OTGW/value/otgw-84F3EB22B8E1/hvac_action idle
2026-09-24T20:52:20+0200 OTGW/value/otgw-84F3EB22B8E1/TSet 54.00
2026-09-24T20:52:22+0200 OTGW/value/otgw-84F3EB22B8E1/Tboiler 52.00
2026-09-24T20:52:23+0200 OTGW/value/otgw-84F3EB22B8E1/cooling_enable OFF
2026-09-24T20:52:23+0200 OTGW/value/otgw-84F3EB22B8E1/otc_active OFF
2026-09-24T20:52:23+0200 OTGW/value/otgw-84F3EB22B8E1/ch2_enable OFF
2026-09-24T20:52:23+0200 OTGW/value/otgw-84F3EB22B8E1/summerwintertime OFF
2026-09-24T20:52:23+0200 OTGW/value/otgw-84F3EB22B8E1/dhw_blocking OFF
2026-09-24T20:52:24+0200 OTGW/value/otgw-84F3EB22B8E1/status_slave EC-F----
2026-09-24T20:52:24+0200 OTGW/value/otgw-84F3EB22B8E1/fault ON
2026-09-24T20:52:24+0200 OTGW/value/otgw-84F3EB22B8E1/centralheating ON
2026-09-24T20:52:24+0200 OTGW/value/otgw-84F3EB22B8E1/hvac_action heating
2026-09-24T20:52:25+0200 OTGW/value/otgw-84F3EB22B8E1/Tret 42.00
2026-09-24T20:52:27+0200 OTGW/value/otgw-84F3EB22B8E1/RelModLevel 56.00
2026-09-24T20:52:28+0200 OTGW/value/otgw-84F3EB22B8E1/status_slave EC------
2026-09-24T20:52:28+0200 OTGW/value/otgw-84F3EB22B8E1/flame OFF
2026-09-24T20:52:30+0200 OTGW/value/otgw-84F3EB22B8E1/CHPressure 1.58
2026-09-24T20:52:31+0200 OTGW/value/otgw-84F3EB22B8E1/Tdhw 52.80
2026-09-24T20:52:32+0200 OTGW/value/otgw-84F3EB22B8E1/status_master CD---W--
2026-09-24T20:52:32+0200 OTGW/value/otgw-84F3EB22B8E1/ch_enable ON
2026-09-24T20:52:32+0200 OTGW/value/otgw-84F3EB22B8E1/dhw_enable ON
2026-09-24T20:52:33+0200 OTGW/value/otgw-84F3EB22B8E1/status_slave -C-F----
2026-09-24T20:52:33+0200 OTGW/value/otgw-84F3EB22B8E1/fault OFF
2026-09-24T20:52:33+0200 OTGW/value/otgw-84F3EB22B8E1/flame ON
2026-09-24T20:52:33+0200 OTGW/value/otgw-84F3EB22B8E1/cooling OFF
2026-09-24T20:52:33+0200 OTGW/value/otgw-84F3EB22B8E1/centralheating2 OFF
2026-09-24T20:52:33+0200 OTGW/value/otgw-84F3EB22B8E1/diagnostic_indicator OFF
2026-09-24T20:52:33+0200 OTGW/value/otgw-84F3EB22B8E1/electric_production OFF
2026-09-24T20:52:33+0200 OTGW/value/otgw-84F3EB22B8E1/Tr 21.40
2026-09-24T20:52:35+0200 OTGW/value/otgw-84F3EB22B8E1/TrSet 20.50
2026-09-24T20:52:37+0200 OTGW/value/otgw-84F3EB22B8E1/status_slave --------
2026-09-24T20:52:37+0200 OTGW/value/otgw-84F3EB22B8E1/centralheating OFF
2026-09-24T20:52:37+0200 OTGW/value/otgw-84F3EB22B8E1/flame OFF
2026-09-24T20:52:37+0200 OTGW/value/otgw-84F3EB22B8E1/hvac_action idle
2026-09-24T20:52:39+0200 OTGW/value/otgw-84F3EB22B8E1/Toutside 7.20
2026-09-24T20:52:40+0200 OTGW/value/otgw-84F3EB22B8E1/TdhwSet 56.00
2026-09-24T20:52:42+0200 OTGW/value/otgw-84F3EB22B8E1/MaxTSet 77.00
2026-09-24T20:52:43+0200 OTGW/value/otgw-84F3EB22B8E1/status_slave -C-F----
2026-09-24T20:52:43+0200 OTGW/value/otgw-84F3EB22B8E1/centralheating ON
2026-09-24T20:52:43+0200 OTGW/value/otgw-84F3EB22B8E1/flame ON
2026-09-24T20:52:43+0200 OTGW/value/otgw-84F3EB22B8E1/hvac_action heating
2026-09-24T20:52:44+0200 OTGW/value/otgw-84F3EB22B8E1/TSet 54.50
2026-09-24T20:52:46+0200 OTGW/value/otgw-84F3EB22B8E1/Tboiler 52.25
2026-09-24T20:52:48+0200 OTGW/value/otgw-84F3EB22B8E1/status_slave -C------
2026-09-24T20:52:48+0200 OTGW/value/otgw-84F3EB22B8E1/flame OFF
2026-09-24T20:52:49+0200 OTGW/value/otgw-84F3EB22B8E1/Tret 42.25
2026-09-24T20:52:51+0200 OTGW/value/otgw-84F3EB22B8E1/RelModLevel 58.00
2026-09-24T20:52:52+0200 OTGW/value/otgw-84F3EB22B8E1/status_slave -CWF----
2026-09-24T20:52:52+0200 OTGW/value/otgw-84F3EB22B8E1/domestichotwater ON
2026-09-24T20:52:52+0200 OTGW/value/otgw-84F3EB22B8E1/flame ON
2026-09-24T20:52:54+0200 OTGW/value/otgw-84F3EB22B8E1/CHPressure 1.59
2026-09-24T20:52:55+0200 OTGW/value/otgw-84F3EB22B8E1/Tdhw 52.90
2026-09-24T20:52:57+0200 OTGW/value/otgw-84F3EB22B8E1/status_slave ---F----
2026-09-24T20:52:57+0200 OTGW/value/otgw-84F3EB22B8E1/centralheating OFF
2026-09-24T20:52:57+0200 OTGW/value/otgw-84F3EB22B8E1/domestichotwater OFF
2026-09-24T20:52:57+0200 OTGW/value/otgw-84F3EB22B8E1/hvac_action idle
2026-09-24T20:52:58+0200 OTGW/value/otgw-84F3EB22B8E1/Tr 21.45
2026-09-24T20:52:59+0200 OTGW/value/otgw-84F3EB22B8E1/TrSet 21.00
2026-09-24T20:53:01+0200 OTGW/value/otgw-84F3EB22B8E1/status_slave EC-F----
2026-09-24T20:53:01+0200 OTGW/value/otgw-84F3EB22B8E1/fault ON
2026-09-24T20:53:01+0200 OTGW/value/otgw-84F3EB22B8E1/centralheating ON
2026-09-24T20:53:01+0200 OTGW/value/otgw-84F3EB22B8E1/hvac_action heating
2026-09-24T20:53:03+0200 OTGW/value/otgw-84F3EB22B8E1/Toutside 7.10
2026-09-24T20:53:04+0200 OTGW/value/otgw-84F3EB22B8E1/TdhwSet 57.00
2026-09-24T20:53:06+0200 OTGW/value/otgw-84F3EB22B8E1/MaxTSet 76.00
2026-09-24T20:53:07+0200 OTGW/value/otgw-84F3EB22B8E1/status_slave EC------
2026-09-24T20:53:07+0200 OTGW/value/otgw-84F3EB22B8E1/flame OFF
2026-09-24T20:53:08+0200 OTGW/value/otgw-84F3EB22B8E1/TSet 55.00
2026-09-24T20:53:10+0200 OTGW/value/otgw-84F3EB22B8E1/Tboiler 52.50
2026-09-24T20:53:12+0200 OTGW/value/otgw-84F3EB22B8E1/status_slave -C-F----
2026-09-24T20:53:12+0200 OTGW/value/otgw-84F3EB22B8E1/fault OFF
2026-09-24T20:53:12+0200 OTGW/value/otgw-84F3EB22B8E1/flame ON
2026-09-24T20:53:13+0200 OTGW/value/otgw-84F3EB22B8E1/Tret 42.50
2026-09-24T20:53:15+0200 OTGW/value/otgw-84F3EB22B8E1/RelModLevel 60.00
2026-09-24T20:53:16+0200 OTGW/value/otgw-84F3EB22B8E1/status_slave --------
2026-09-24T20:53:16+0200 OTGW/value/otgw-84F3EB22B8E1/centralheating OFF
2026-09-24T20:53:16+0200 OTGW/value/otgw-84F3EB22B8E1/flame OFF
2026-09-24T20:53:16+0200 OTGW/value/otgw-84F3EB22B8E1/hvac_action idle
2026-09-24T20:53:18+0200 OTGW/value/otgw-84F3EB22B8E1/CHPressure 1.50
2026-09-24T20:53:19+0200 OTGW/value/otgw-84F3EB22B8E1/Tdhw 53.00
2026-09-24T20:53:21+0200 OTGW/value/otgw-84F3EB22B8E1/status_slave -C-F----
2026-09-24T20:53:21+0200 OTGW/value/otgw-84F3EB22B8E1/centralheating ON
2026-09-24T20:53:21+0200 OTGW/value/otgw-84F3EB22B8E1/flame ON
2026-09-24T20:53:21+0200 OTGW/value/otgw-84F3EB22B8E1/hvac_action heating
2026-09-24T20:53:22+0200 OTGW/value/otgw-84F3EB22B8E1/Tr 21.50
2026-09-24T20:53:23+0200 OTGW/value/otgw-84F3EB22B8E1/TrSet 21.50
2026-09-24T20:53:25+0200 OTGW/value/otgw-84F3EB22B8E1/cooling_enable OFF
2026-09-24T20:53:25+0200 OTGW/value/otgw-84F3EB22B8E1/otc_active OFF
2026-09-24T20:53:25+0200 OTGW/value/otgw-84F3EB22B8E1/ch2_enable OFF
2026-09-24T20:53:25+0200 OTGW/value/otgw-84F3EB22B8E1/summerwintertime OFF
2026-09-24T20:53:25+0200 OTGW/value/otgw-84F3EB22B8E1/dhw_blocking OFF
2026-09-24T20:53:25+0200 OTGW/value/otgw-84F3EB22B8E1/status_slave -C------
2026-09-24T20:53:25+0200 OTGW/value/otgw-84F3EB22B8E1/flame OFF
2026-09-24T20:53:27+0200 OTGW/value/otgw-84F3EB22B8E1/Toutside 7.00
2026-09-24T20:53:28+0200 OTGW/value/otgw-84F3EB22B8E1/TdhwSet 55.00
2026-09-24T20:53:30+0200 OTGW/value/otgw-84F3EB22B8E1/MaxTSet 80.00
2026-09-24T20:53:32+0200 OTGW/value/otgw-84F3EB22B8E1/status_slave -CWF----
2026-09-24T20:53:32+0200 OTGW/value/otgw-84F3EB22B8E1/domestichotwater ON
2026-09-24T20:53:32+0200 OTGW/value/otgw-84F3EB22B8E1/flame ON
2026-09-24T20:53:32+0200 OTGW/value/otgw-84F3EB22B8E1/TSet 55.50
2026-09-24T20:53:35+0200 OTGW/value/otgw-84F3EB22B8E1/Tboiler 52.75
2026-09-24T20:53:35+0200 OTGW/value/otgw-84F3EB22B8E1/status_master CD---W--
2026-09-24T20:53:35+0200 OTGW/value/otgw-84F3EB22B8E1/ch_enable ON
2026-09-24T20:53:35+0200 OTGW/value/otgw-84F3EB22B8E1/dhw_enable ON
2026-09-24T20:53:36+0200 OTGW/value/otgw-84F3EB22B8E1/status_slave ---F----
2026-09-24T20:53:36+0200 OTGW/value/otgw-84F3EB22B8E1/centralheating OFF
2026-09-24T20:53:36+0200 OTGW/value/otgw-84F3EB22B8E1/domestichotwater OFF
2026-09-24T20:53:36+0200 OTGW/value/otgw-84F3EB22B8E1/cooling OFF
2026-09-24T20:53:36+0200 OTGW/value/otgw-84F3EB22B8E1/centralheating2 OFF
2026-09-24T20:53:36+0200 OTGW/value/otgw-84F3EB22B8E1/diagnostic_indicator OFF
2026-09-24T20:53:36+0200 OTGW/value/otgw-84F3EB22B8E1/electric_production OFF
2026-09-24T20:53:36+0200 OTGW/value/otgw-84F3EB22B8E1/hvac_action idle
2026-09-24T20:53:38+0200 OTGW/value/otgw-84F3EB22B8E1/Tret 42.75
2026-09-24T20:53:39+0200 OTGW/value/otgw-84F3EB22B8E1/RelModLevel 62.00
2026-09-24T20:53:41+0200 OTGW/value/otgw-84F3EB22B8E1/status_slave EC-F----
2026-09-24T20:53:41+0200 OTGW/value/otgw-84F3EB22B8E1/fault ON
2026-09-24T20:53:41+0200 OTGW/value/otgw-84F3EB22B8E1/centralheating ON
2026-09-24T20:53:41+0200 OTGW/value/otgw-84F3EB22B8E1/hvac_action heating
2026-09-24T20:53:42+0200 OTGW/value/otgw-84F3EB22B8E1/CHPressure 1.51
2026-09-24T20:53:44+0200 OTGW/value/otgw-84F3EB22B8E1/Tdhw 53.10
2026-09-24T20:53:45+0200 OTGW/value/otgw-84F3EB22B8E1/status_slave EC------
2026-09-24T20:53:45+0200 OTGW/value/otgw-84F3EB22B8E1/flame OFF
2026-09-24T20:53:46+0200 OTGW/value/otgw-84F3EB22B8E1/Tr 21.55
2026-09-24T20:53:47+0200 OTGW/value/otgw-84F3EB22B8E1/TrSet 22.00
2026-09-24T20:53:50+0200 OTGW/value/otgw-84F3EB22B8E1/status_slave -C-F----
2026-09-24T20:53:50+0200 OTGW/value/otgw-84F3EB22B8E1/fault OFF
2026-09-24T20:53:50+0200 OTGW/value/otgw-84F3EB22B8E1/flame ON
2026-09-24T20:53:51+0200 OTGW/value/otgw-84F3EB22B8E1/Toutside 6.90
2026-09-24T20:53:53+0200 OTGW/value/otgw-84F3EB22B8E1/TdhwSet 56.00
2026-09-24T20:53:54+0200 OTGW/value/otgw-84F3EB22B8E1/MaxTSet 79.00
2026-09-24T20:53:56+0200 OTGW/value/otgw-84F3EB22B8E1/status_slave --------
2026-09-24T20:53:56+0200 OTGW/value/otgw-84F3EB22B8E1/centralheating OFF
2026-09-24T20:53:56+0200 OTGW/value/otgw-84F3EB22B8E1/flame OFF
2026-09-24T20:53:56+0200 OTGW/value/otgw-84F3EB22B8E1/hvac_action idle
2026-09-24T20:53:56+0200 OTGW/value/otgw-84F3EB22B8E1/TSet 56.00
2026-09-24T20:53:59+0200 OTGW/value/otgw-84F3EB22B8E1/Tboiler 53.00
2026-09-24T20:54:00+0200 OTGW/value/otgw-84F3EB22B8E1/status_slave -C-F----
2026-09-24T20:54:00+0200 OTGW/value/otgw-84F3EB22B8E1/centralheating ON
2026-09-24T20:54:00+0200 OTGW/value/otgw-84F3EB22B8E1/flame ON
2026-09-24T20:54:00+0200 OTGW/value/otgw-84F3EB22B8E1/hvac_action heating
2026-09-24T20:54:02+0200 OTGW/value/otgw-84F3EB22B8E1/Tret 43.00
2026-09-24T20:54:03+0200 OTGW/value/otgw-84F3EB22B8E1/RelModLevel 64.00
2026-09-24T20:54:05+0200 OTGW/value/otgw-84F3EB22B8E1/status_slave -C------
2026-09-24T20:54:05+0200 OTGW/value/otgw-84F3EB22B8E1/flame OFF
2026-09-24T20:54:06+0200 OTGW/value/otgw-84F3EB22B8E1/CHPressure 1.52
2026-09-24T20:54:08+0200 OTGW/value/otgw-84F3EB22B8E1/Tdhw 53.20
2026-09-24T20:54:09+0200 OTGW/value/otgw-84F3EB22B8E1/status_slave -CWF----
2026-09-24T20:54:09+0200 OTGW/value/otgw-84F3EB22B8E1/domestichotwater ON
2026-09-24T20:54:09+0200 OTGW/value/otgw-84F3EB22B8E1/flame ON
2026-09-24T20:54:10+0200 OTGW/value/otgw-84F3EB22B8E1/Tr 21.60
2026-09-24T20:54:11+0200 OTGW/value/otgw-84F3EB22B8E1/TrSet 20.50
2026-09-24T20:54:14+0200 OTGW/value/otgw-84F3EB22B8E1/status_slave ---F----
2026-09-24T20:54:14+0200 OTGW/value/otgw-84F3EB22B8E1/centralheating OFF
2026-09-24T20:54:14+0200 OTGW/value/otgw-84F3EB22B8E1/domestichotwater OFF
2026-09-24T20:54:14+0200 OTGW/value/otgw-84F3EB22B8E1/hvac_action idle
2026-09-24T20:54:15+0200 OTGW/value/otgw-84F3EB22B8E1/Toutside 6.80
2026-09-24T20:54:17+0200 OTGW/value/otgw-84F3EB22B8E1/TdhwSet 57.00
2026-09-24T20:54:18+0200 OTGW/value/otgw-84F3EB22B8E1/MaxTSet 78.00
2026-09-24T20:54:20+0200 OTGW/value/otgw-84F3EB22B8E1/status_slave EC-F----
2026-09-24T20:54:20+0200 OTGW/value/otgw-84F3EB22B8E1/fault ON
2026-09-24T20:54:20+0200 OTGW/value/otgw-84F3EB22B8E1/centralheating ON
2026-09-24T20:54:20+0200 OTGW/value/otgw-84F3EB22B8E1/hvac_action heating
2026-09-24T20:54:21+0200 OTGW/value/otgw-84F3EB22B8E1/TSet 56.50
2026-09-24T20:54:23+0200 OTGW/value/otgw-84F3EB22B8E1/Tboiler 53.25
2026-09-24T20:54:24+0200 OTGW/value/otgw-84F3EB22B8E1/status_slave EC------
2026-09-24T20:54:24+0200 OTGW/value/otgw-84F3EB22B8E1/flame OFF
2026-09-24T20:54:26+0200 OTGW/value/otgw-84F3EB22B8E1/Tret 43.25
2026-09-24T20:54:27+0200 OTGW/value/otgw-84F3EB22B8E1/RelModLevel 66.00
2026-09-24T20:54:28+0200 OTGW/value/otgw-84F3EB22B8E1/cooling_enable OFF
2026-09-24T20:54:28+0200 OTGW/value/otgw-84F3EB22B8E1/otc_active OFF
2026-09-24T20:54:28+0200 OTGW/value/otgw-84F3EB22B8E1/ch2_enable OFF
2026-09-24T20:54:28+0200 OTGW/value/otgw-84F3EB22B8E1/summerwintertime OFF
2026-09-24T20:54:28+0200 OTGW/value/otgw-84F3EB22B8E1/dhw_blocking OFF
2026-09-24T20:54:29+0200 OTGW/value/otgw-84F3EB22B8E1/status_slave -C-F----
2026-09-24T20:54:29+0200 OTGW/value/otgw-84F3EB22B8E1/fault OFF
2026-09-24T20:54:29+0200 OTGW/value/otgw-84F3EB22B8E1/flame ON
2026-09-24T20:54:30+0200 OTGW/value/otgw-84F3EB22B8E1/CHPressure 1.53
2026-09-24T20:54:32+0200 OTGW/value/otgw-84F3EB22B8E1/Tdhw 53.30
2026-09-24T20:54:33+0200 OTGW/value/otgw-84F3EB22B8E1/status_slave --------
2026-09-24T20:54:33+0200 OTGW/value/otgw-84F3EB22B8E1/centralheating OFF
2026-09-24T20:54:33+0200 OTGW/value/otgw-84F3EB22B8E1/flame OFF
2026-09-24T20:54:33+0200 OTGW/value/otgw-84F3EB22B8E1/hvac_action idle
2026-09-24T20:54:34+0200 OTGW/value/otgw-84F3EB22B8E1/Tr 21.65
2026-09-24T20:54:36+0200 OTGW/value/otgw-84F3EB22B8E1/TrSet 21.00
2026-09-24T20:54:37+0200 OTGW/value/otgw-84F3EB22B8E1/status_master CD---W--
2026-09-24T20:54:37+0200 OTGW/value/otgw-84F3EB22B8E1/ch_enable ON
2026-09-24T20:54:37+0200 OTGW/value/otgw-84F3EB22B8E1/dhw_enable ON
2026-09-24T20:54:38+0200 OTGW/value/otgw-84F3EB22B8E1/status_slave -C-F----
2026-09-24T20:54:38+0200 OTGW/value/otgw-84F3EB22B8E1/centralheating ON
2026-09-24T20:54:38+0200 OTGW/value/otgw-84F3EB22B8E1/flame ON
2026-09-24T20:54:38+0200 OTGW/value/otgw-84F3EB22B8E1/cooling OFF
2026-09-24T20:54:38+0200 OTGW/value/otgw-84F3EB22B8E1/centralheating2 OFF
2026-09-24T20:54:38+0200 OTGW/value/otgw-84F3EB22B8E1/diagnostic_indicator OFF
2026-09-24T20:54:38+0200 OTGW/value/otgw-84F3EB22B8E1/electric_production OFF
2026-09-24T20:54:38+0200 OTGW/value/otgw-84F3EB22B8E1/hvac_action heating
2026-09-24T20:54:39+0200 OTGW/value/otgw-84F3EB22B8E1/Toutside 6.70
2026-09-24T20:54:41+0200 OTGW/value/otgw-84F3EB22B8E1/TdhwSet 55.00
2026-09-24T20:54:42+0200 OTGW/value/otgw-84F3EB22B8E1/MaxTSet 77.00
2026-09-24T20:54:44+0200 OTGW/value/otgw-84F3EB22B8E1/status_slave -C------
2026-09-24T20:54:44+0200 OTGW/value/otgw-84F3EB22B8E1/flame OFF
2026-09-24T20:54:45+0200 OTGW/value/otgw-84F3EB22B8E1/TSet 57.00
2026-09-24T20:54:47+0200 OTGW/value/otgw-84F3EB22B8E1/Tboiler 53.50
2026-09-24T20:54:48+0200 OTGW/value/otgw-84F3EB22B8E1/status_slave -CWF----
2026-09-24T20:54:48+0200 OTGW/value/otgw-84F3EB22B8E1/domestichotwater ON
2026-09-24T20:54:48+0200 OTGW/value/otgw-84F3EB22B8E1/flame ON
2026-09-24T20:54:50+0200 OTGW/value/otgw-84F3EB22B8E1/Tret 43.50
2026-09-24T20:54:51+0200 OTGW/value/otgw-84F3EB22B8E1/RelModLevel 68.00
2026-09-24T20:54:53+0200 OTGW/value/otgw-84F3EB22B8E1/status_slave ---F----
2026-09-24T20:54:53+0200 OTGW/value/otgw-84F3EB22B8E1/centralheating OFF
2026-09-24T20:54:53+0200 OTGW/value/otgw-84F3EB22B8E1/domestichotwater OFF
2026-09-24T20:54:53+0200 OTGW/value/otgw-84F3EB22B8E1/hvac_action idle
2026-09-24T20:54:54+0200 OTGW/value/otgw-84F3EB22B8E1/CHPressure 1.54
2026-09-24T20:54:56+0200 OTGW/value/otgw-84F3EB22B8E1/Tdhw 53.40
2026-09-24T20:54:57+0200 OTGW/value/otgw-84F3EB22B8E1/status_slave EC-F----
2026-09-24T20:54:58+0200 OTGW/value/otgw-84F3EB22B8E1/fault ON
2026-09-24T20:54:58+0200 OTGW/value/otgw-84F3EB22B8E1/centralheating ON
2026-09-24T20:54:58+0200 OTGW/value/otgw-84F3EB22B8E1/hvac_action heating
2026-09-24T20:54:58+0200 OTGW/value/otgw-84F3EB22B8E1/Tr 21.70
2026-09-24T20:55:00+0200 OTGW/value/otgw-84F3EB22B8E1/TrSet 21.50
2026-09-24T20:55:02+0200 OTGW/value/otgw-84F3EB22B8E1/status_slave EC------
2026-09-24T20:55:02+0200 OTGW/value/otgw-84F3EB22B8E1/flame OFF
2026-09-24T20:55:04+0200 OTGW/value/otgw-84F3EB22B8E1/Toutside 6.60
2026-09-24T20:55:05+0200 OTGW/value/otgw-84F3EB22B8E1/TdhwSet 56.00
2026-09-24T20:55:07+0200 OTGW/value/otgw-84F3EB22B8E1/MaxTSet 76.00
2026-09-24T20:55:08+0200 OTGW/value/otgw-84F3EB22B8E1/status_slave -C-F----
2026-09-24T20:55:08+0200 OTGW/value/otgw-84F3EB22B8E1/fault OFF
2026-09-24T20:55:08+0200 OTGW/value/otgw-84F3EB22B8E1/flame ON
2026-09-24T20:55:09+0200 OTGW/value/otgw-84F3EB22B8E1/TSet 57.50
2026-09-24T20:55:11+0200 OTGW/value/otgw-84F3EB22B8E1/Tboiler 53.75
2026-09-24T20:55:13+0200 OTGW/value/otgw-84F3EB22B8E1/status_slave --------
2026-09-24T20:55:13+0200 OTGW/value/otgw-84F3EB22B8E1/centralheating OFF
2026-09-24T20:55:13+0200 OTGW/value/otgw-84F3EB22B8E1/flame OFF
2026-09-24T20:55:13+0200 OTGW/value/otgw-84F3EB22B8E1/hvac_action idle
2026-09-24T20:55:14+0200 OTGW/value/otgw-84F3EB22B8E1/Tret 43.75
2026-09-24T20:55:16+0200 OTGW/value/otgw-84F3EB22B8E1/RelModLevel 70.00
2026-09-24T20:55:17+0200 OTGW/value/otgw-84F3EB22B8E1/status_slave -C-F----
2026-09-24T20:55:17+0200 OTGW/value/otgw-84F3EB22B8E1/centralheating ON
2026-09-24T20:55:17+0200 OTGW/value/otgw-84F3EB22B8E1/flame ON
2026-09-24T20:55:17+0200 OTGW/value/otgw-84F3EB22B8E1/hvac_action heating
2026-09-24T20:55:19+0200 OTGW/value/otgw-84F3EB22B8E1/CHPressure 1.55
2026-09-24T20:55:20+0200 OTGW/value/otgw-84F3EB22B8E1/Tdhw 53.50
2026-09-24T20:55:22+0200 OTGW/value/otgw-84F3EB22B8E1/status_slave -C------
2026-09-24T20:55:22+0200 OTGW/value/otgw-84F3EB22B8E1/flame OFF
2026-09-24T20:55:22+0200 OTGW/value/otgw-84F3EB22B8E1/Tr 21.75
2026-09-24T20:55:24+0200 OTGW/value/otgw-84F3EB22B8E1/TrSet 22.00
2026-09-24T20:55:26+0200 OTGW/value/otgw-84F3EB22B8E1/status_slave -CWF----
2026-09-24T20:55:26+0200 OTGW/value/otgw-84F3EB22B8E1/domestichotwater ON
2026-09-24T20:55:26+0200 OTGW/value/otgw-84F3EB22B8E1/flame ON
2026-09-24T20:55:28+0200 OTGW/value/otgw-84F3EB22B8E1/Toutside 6.50
2026-09-24T20:55:29+0200 OTGW/value/otgw-84F3EB22B8E1/TdhwSet 57.00
2026-09-24T20:55:31+0200 OTGW/value/otgw-84F3EB22B8E1/MaxTSet 80.00
2026-09-24T20:55:31+0200 OTGW/value/otgw-84F3EB22B8E1/cooling_enable OFF
2026-09-24T20:55:31+0200 OTGW/value/otgw-84F3EB22B8E1/otc_active OFF
2026-09-24T20:55:31+0200 OTGW/value/otgw-84F3EB22B8E1/ch2_enable OFF
2026-09-24T20:55:31+0200 OTGW/value/otgw-84F3EB22B8E1/summerwintertime OFF
2026-09-24T20:55:31+0200 OTGW/value/otgw-84F3EB22B8E1/dhw_blocking OFF
2026-09-24T20:55:32+0200 OTGW/value/otgw-84F3EB22B8E1/status_slave ---F----
2026-09-24T20:55:32+0200 OTGW/value/otgw-84F3EB22B8E1/centralheating OFF
2026-09-24T20:55:32+0200 OTGW/value/otgw-84F3EB22B8E1/domestichotwater OFF
2026-09-24T20:55:32+0200 OTGW/value/otgw-84F3EB22B8E1/hvac_action idle
2026-09-24T20:55:33+0200 OTGW/value/otgw-84F3EB22B8E1/TSet 58.00
2026-09-24T20:55:35+0200 OTGW/value/otgw-84F3EB22B8E1/Tboiler 54.00
2026-09-24T20:55:37+0200 OTGW/value/otgw-84F3EB22B8E1/status_slave EC-F----
2026-09-24T20:55:37+0200 OTGW/value/otgw-84F3EB22B8E1/fault ON
2026-09-24T20:55:37+0200 OTGW/value/otgw-84F3EB22B8E1/centralheating ON
2026-09-24T20:55:37+0200 OTGW/value/otgw-84F3EB22B8E1/hvac_action heating
2026-09-24T20:55:38+0200 OTGW/value/otgw-84F3EB22B8E1/Tret 44.00
2026-09-24T20:55:40+0200 OTGW/value/otgw-84F3EB22B8E1/RelModLevel 72.00
2026-09-24T20:55:40+0200 OTGW/value/otgw-84F3EB22B8E1/status_master CD---W--
2026-09-24T20:55:40+0200 OTGW/value/otgw-84F3EB22B8E1/ch_enable ON
2026-09-24T20:55:40+0200 OTGW/value/otgw-84F3EB22B8E1/dhw_enable ON
2026-09-24T20:55:41+0200 OTGW/value/otgw-84F3EB22B8E1/status_slave EC------
2026-09-24T20:55:41+0200 OTGW/value/otgw-84F3EB22B8E1/flame OFF
2026-09-24T20:55:41+0200 OTGW/value/otgw-84F3EB22B8E1/cooling OFF
2026-09-24T20:55:41+0200 OTGW/value/otgw-84F3EB22B8E1/centralheating2 OFF
2026-09-24T20:55:41+0200 OTGW/value/otgw-84F3EB22B8E1/diagnostic_indicator OFF
2026-09-24T20:55:41+0200 OTGW/value/otgw-84F3EB22B8E1/electric_production OFF
2026-09-24T20:55:43+0200 OTGW/value/otgw-84F3EB22B8E1/CHPressure 1.56
2026-09-24T20:55:44+0200 OTGW/value/otgw-84F3EB22B8E1/Tdhw 53.60
2026-09-24T20:55:46+0200 OTGW/value/otgw-84F3EB22B8E1/status_slave -C-F----
2026-09-24T20:55:46+0200 OTGW/value/otgw-84F3EB22B8E1/fault OFF
2026-09-24T20:55:46+0200 OTGW/value/otgw-84F3EB22B8E1/flame ON
2026-09-24T20:55:47+0200 OTGW/value/otgw-84F3EB22B8E1/Tr 21.80
2026-09-24T20:55:48+0200 OTGW/value/otgw-84F3EB22B8E1/TrSet 20.50
2026-09-24T20:55:51+0200 OTGW/value/otgw-84F3EB22B8E1/status_slave --------
2026-09-24T20:55:51+0200 OTGW/value/otgw-84F3EB22B8E1/centralheating OFF
2026-09-24T20:55:51+0200 OTGW/value/otgw-84F3EB22B8E1/flame OFF
2026-09-24T20:55:51+0200 OTGW/value/otgw-84F3EB22B8E1/hvac_action idle
2026-09-24T20:55:52+0200 OTGW/value/otgw-84F3EB22B8E1/Toutside 6.40
2026-09-24T20:55:54+0200 OTGW/value/otgw-84F3EB22B8E1/TdhwSet 55.00
2026-09-24T20:55:55+0200 OTGW/value/otgw-84F3EB22B8E1/MaxTSet 79.00
2026-09-24T20:55:57+0200 OTGW/value/otgw-84F3EB22B8E1/status_slave -C-F----
2026-09-24T20:55:57+0200 OTGW/value/otgw-84F3EB22B8E1/centralheating ON
2026-09-24T20:55:57+0200 OTGW/value/otgw-84F3EB22B8E1/flame ON
2026-09-24T20:55:57+0200 OTGW/value/otgw-84F3EB22B8E1/hvac_action heating
2026-09-24T20:55:57+0200 OTGW/value/otgw-84F3EB22B8E1/TSet 58.50
2026-09-24T20:56:00+0200 OTGW/value/otgw-84F3EB22B8E1/Tboiler 54.25
2026-09-24T20:56:01+0200 OTGW/value/otgw-84F3EB22B8E1/status_slave -C------
2026-09-24T20:56:01+0200 OTGW/value/otgw-84F3EB22B8E1/flame OFF
2026-09-24T20:56:03+0200 OTGW/value/otgw-84F3EB22B8E1/Tret 44.25
2026-09-24T20:56:04+0200 OTGW/value/otgw-84F3EB22B8E1/RelModLevel 74.00
2026-09-24T20:56:06+0200 OTGW/value/otgw-84F3EB22B8E1/status_slave -CWF----
2026-09-24T20:56:06+0200 OTGW/value/otgw-84F3EB22B8E1/domestichotwater ON
2026-09-24T20:56:06+0200 OTGW/value/otgw-84F3EB22B8E1/flame ON
2026-09-24T20:56:07+0200 OTGW/value/otgw-84F3EB22B8E1/CHPressure 1.57
2026-09-24T20:56:09+0200 OTGW/value/otgw-84F3EB22B8E1/Tdhw 53.70
2026-09-24T20:56:09+0200 OTGW/value/otgw-84F3EB22B8E1/hvac_mode heat
2026-09-24T20:56:10+0200 OTGW/value/otgw-84F3EB22B8E1/status_slave ---F----
2026-09-24T20:56:10+0200 OTGW/value/otgw-84F3EB22B8E1/centralheating OFF
2026-09-24T20:56:10+0200 OTGW/value/otgw-84F3EB22B8E1/domestichotwater OFF
2026-09-24T20:56:10+0200 OTGW/value/otgw-84F3EB22B8E1/hvac_action idle
2026-09-24T20:56:11+0200 OTGW/value/otgw-84F3EB22B8E1/Tr 21.85
2026-09-24T20:56:12+0200 OTGW/value/otgw-84F3EB22B8E1/TrSet 21.00
2026-09-24T20:56:15+0200 OTGW/value/otgw-84F3EB22B8E1/status_slave EC-F----
2026-09-24T20:56:15+0200 OTGW/value/otgw-84F3EB22B8E1/fault ON
2026-09-24T20:56:15+0200 OTGW/value/otgw-84F3EB22B8E1/centralheating ON
2026-09-24T20:56:15+0200 OTGW/value/otgw-84F3EB22B8E1/hvac_action heating
2026-09-24T20:56:16+0200 OTGW/value/otgw-84F3EB22B8E1/Toutside 6.30
2026-09-24T20:56:18+0200 OTGW/value/otgw-84F3EB22B8E1/TdhwSet 56.00
2026-09-24T20:56:19+0200 OTGW/value/otgw-84F3EB22B8E1/otgw-firmware/uptime 83653
2026-09-24T20:56:19+0200 OTGW/value/otgw-84F3EB22B8E1/otgw-firmware/hostname OTGW
2026-09-24T20:56:19+0200 OTGW/value/otgw-84F3EB22B8E1/otgw-firmware/version 1.7.6-beta.5+e0e0d3b
2026-09-24T20:56:19+0200 OTGW/value/otgw-84F3EB22B8E1/otgw-firmware/reboot_count 12
2026-09-24T20:56:19+0200 OTGW/value/otgw-84F3EB22B8E1/otgw-firmware/reboot_reason Software/System restart
2026-09-24T20:56:19+0200 OTGW/value/otgw-84F3EB22B8E1/otgw-pic/version 6.8
2026-09-24T20:56:19+0200 OTGW/value/otgw-84F3EB22B8E1/otgw-pic/deviceid pic16f1847
2026-09-24T20:56:19+0200 OTGW/value/otgw-84F3EB22B8E1/otgw-pic/firmwaretype gateway
2026-09-24T20:56:19+0200 OTGW/value/otgw-84F3EB22B8E1/otgw-pic/designer Schelte Bron
2026-09-24T20:56:19+0200 OTGW/value/otgw-84F3EB22B8E1/otgw-pic/picavailable ON
2026-09-24T20:56:19+0200 OTGW/value/otgw-84F3EB22B8E1/otgw-pic/boiler_connected ON
2026-09-24T20:56:19+0200 OTGW/value/otgw-84F3EB22B8E1/otgw-pic/thermostat_connected ON
2026-09-24T20:56:19+0200 OTGW/value/otgw-84F3EB22B8E1/otgw-pic/otgw_connected ON
2026-09-24T20:56:19+0200 OTGW/value/otgw-84F3EB22B8E1/otgw-pic/gateway_mode ON
2026-09-24T20:56:19+0200 OTGW/value/otgw-84F3EB22B8E1/otgw-pic/settings/setpoint_override N
2026-09-24T20:56:19+0200 OTGW/value/otgw-84F3EB22B8E1/otgw-pic/settings/setback 16.00
2026-09-24T20:56:19+0200 OTGW/value/otgw-84F3EB22B8E1/otgw-pic/settings/dhw_override A
2026-09-24T20:56:19+0200 OTGW/value/otgw-84F3EB22B8E1/MaxTSet 78.00
2026-09-24T20:56:21+0200 OTGW/value/otgw-84F3EB22B8E1/status_slave EC------
2026-09-24T20:56:21+0200 OTGW/value/otgw-84F3EB22B8E1/flame OFF
2026-09-24T20:56:21+0200 OTGW/value/otgw-84F3EB22B8E1/TSet 59.00
2026-09-24T20:56:24+0200 OTGW/value/otgw-84F3EB22B8E1/Tboiler 54.50
2026-09-24T20:56:25+0200 OTGW/value/otgw-84F3EB22B8E1/status_slave -C-F----
2026-09-24T20:56:25+0200 OTGW/value/otgw-84F3EB22B8E1/fault OFF
2026-09-24T20:56:25+0200 OTGW/value/otgw-84F3EB22B8E1/flame ON
2026-09-24T20:56:27+0200 OTGW/value/otgw-84F3EB22B8E1/Tret 44.50
2026-09-24T20:56:28+0200 OTGW/value/otgw-84F3EB22B8E1/RelModLevel 76.00
2026-09-24T20:56:30+0200 OTGW/value/otgw-84F3EB22B8E1/status_slave --------
2026-09-24T20:56:30+0200 OTGW/value/otgw-84F3EB22B8E1/centralheating OFF
2026-09-24T20:56:30+0200 OTGW/value/otgw-84F3EB22B8E1/flame OFF
2026-09-24T20:56:30+0200 OTGW/value/otgw-84F3EB22B8E1/hvac_action idle
2026-09-24T20:56:31+0200 OTGW/value/otgw-84F3EB22B8E1/CHPressure 1.58
2026-09-24T20:56:33+0200 OTGW/value/otgw-84F3EB22B8E1/Tdhw 53.80
2026-09-24T20:56:34+0200 OTGW/value/otgw-84F3EB22B8E1/cooling_enable OFF
2026-09-24T20:56:34+0200 OTGW/value/otgw-84F3EB22B8E1/otc_active OFF
2026-09-24T20:56:34+0200 OTGW/value/otgw-84F3EB22B8E1/ch2_enable OFF
2026-09-24T20:56:34+0200 OTGW/value/otgw-84F3EB22B8E1/summerwintertime OFF
2026-09-24T20:56:34+0200 OTGW/value/otgw-84F3EB22B8E1/dhw_blocking OFF
2026-09-24T20:56:34+0200 OTGW/value/otgw-84F3EB22B8E1/status_slave -C-F----
2026-09-24T20:56:34+0200 OTGW/value/otgw-84F3EB22B8E1/centralheating ON
2026-09-24T20:56:34+0200 OTGW/value/otgw-84F3EB22B8E1/flame ON
2026-09-24T20:56:34+0200 OTGW/value/otgw-84F3EB22B8E1/hvac_action heating
2026-09-24T20:56:35+0200 OTGW/value/otgw-84F3EB22B8E1/Tr 21.90
2026-09-24T20:56:37+0200 OTGW/value/otgw-84F3EB22B8E1/TrSet 21.50
2026-09-24T20:56:39+0200 OTGW/value/otgw-84F3EB22B8E1/status_slave -C------
2026-09-24T20:56:39+0200 OTGW/value/otgw-84F3EB22B8E1/flame OFF
2026-09-24T20:56:40+0200 OTGW/value/otgw-84F3EB22B8E1/Toutside 6.20
2026-09-24T20:56:42+0200 OTGW/value/otgw-84F3EB22B8E1/TdhwSet 57.00
2026-09-24T20:56:43+0200 OTGW/value/otgw-84F3EB22B8E1/MaxTSet 77.00
2026-09-24T20:56:44+0200 OTGW/value/otgw-84F3EB22B8E1/status_master CD---W--
2026-09-24T20:56:44+0200 OTGW/value/otgw-84F3EB22B8E1/ch_enable ON
2026-09-24T20:56:44+0200 OTGW/value/otgw-84F3EB22B8E1/dhw_enable ON
2026-09-24T20:56:45+0200 OTGW/value/otgw-84F3EB22B8E1/status_slave -CWF----
2026-09-24T20:56:45+0200 OTGW/value/otgw-84F3EB22B8E1/domestichotwater ON
2026-09-24T20:56:45+0200 OTGW/value/otgw-84F3EB22B8E1/flame ON
2026-09-24T20:56:45+0200 OTGW/value/otgw-84F3EB22B8E1/cooling OFF
2026-09-24T20:56:45+0200 OTGW/value/otgw-84F3EB22B8E1/centralheating2 OFF
2026-09-24T20:56:45+0200 OTGW/value/otgw-84F3EB22B8E1/diagnostic_indicator OFF
2026-09-24T20:56:45+0200 OTGW/value/otgw-84F3EB22B8E1/electric_production OFF
2026-09-24T20:56:46+0200 OTGW/value/otgw-84F3EB22B8E1/TSet 59.50
2026-09-24T20:56:48+0200 OTGW/value/otgw-84F3EB22B8E1/Tboiler 54.75
2026-09-24T20:56:49+0200 OTGW/value/otgw-84F3EB22B8E1/status_slave ---F----
2026-09-24T20:56:49+0200 OTGW/value/otgw-84F3EB22B8E1/centralheating OFF
2026-09-24T20:56:49+0200 OTGW/value/otgw-84F3EB22B8E1/domestichotwater OFF
2026-09-24T20:56:49+0200 OTGW/value/otgw-84F3EB22B8E1/hvac_action idle
2026-09-24T20:56:51+0200 OTGW/value/otgw-84F3EB22B8E1/Tret 44.75
2026-09-24T20:56:52+0200 OTGW/value/otgw-84F3EB22B8E1/RelModLevel 78.00
2026-09-24T20:56:54+0200 OTGW/value/otgw-84F3EB22B8E1/status_slave EC-F----
2026-09-24T20:56:54+0200 OTGW/value/otgw-84F3EB22B8E1/fault ON
2026-09-24T20:56:54+0200 OTGW/value/otgw-84F3EB22B8E1/centralheating ON
2026-09-24T20:56:54+0200 OTGW/value/otgw-84F3EB22B8E1/hvac_action heating
2026-09-24T20:56:55+0200 OTGW/value/otgw-84F3EB22B8E1/CHPressure 1.59
2026-09-24T20:56:57+0200 OTGW/value/otgw-84F3EB22B8E1/Tdhw 53.90
2026-09-24T20:56:58+0200 OTGW/value/otgw-84F3EB22B8E1/status_slave EC------
2026-09-24T20:56:58+0200 OTGW/value/otgw-84F3EB22B8E1/flame OFF
2026-09-24T20:56:59+0200 OTGW/value/otgw-84F3EB22B8E1/Tr 21.95
2026-09-24T20:57:01+0200 OTGW/value/otgw-84F3EB22B8E1/TrSet 22.00
2026-09-24T20:57:03+0200 OTGW/value/otgw-84F3EB22B8E1/status_slave -C-F----
2026-09-24T20:57:03+0200 OTGW/value/otgw-84F3EB22B8E1/fault OFF
2026-09-24T20:57:03+0200 OTGW/value/otgw-84F3EB22B8E1/flame ON
2026-09-24T20:57:04+0200 OTGW/value/otgw-84F3EB22B8E1/Toutside 6.10
2026-09-24T20:57:06+0200 OTGW/value/otgw-84F3EB22B8E1/TdhwSet 55.00
2026-09-24T20:57:08+0200 OTGW/value/otgw-84F3EB22B8E1/MaxTSet 76.00
2026-09-24T20:57:09+0200 OTGW/value/otgw-84F3EB22B8E1/status_slave --------
2026-09-24T20:57:09+0200 OTGW/value/otgw-84F3EB22B8E1/centralheating OFF
2026-09-24T20:57:09+0200 OTGW/value/otgw-84F3EB22B8E1/flame OFF
2026-09-24T20:57:09+0200 OTGW/value/otgw-84F3EB22B8E1/hvac_action idle
2026-09-24T20:57:10+0200 OTGW/value/otgw-84F3EB22B8E1/TSet 40.00
2026-09-24T20:57:12+0200 OTGW/value/otgw-84F3EB22B8E1/Tboiler 45.00
2026-09-24T20:57:14+0200 OTGW/value/otgw-84F3EB22B8E1/status_slave -C-F----
2026-09-24T20:57:14+0200 OTGW/value/otgw-84F3EB22B8E1/centralheating ON
2026-09-24T20:57:14+0200 OTGW/value/otgw-84F3EB22B8E1/flame ON
2026-09-24T20:57:14+0200 OTGW/value/otgw-84F3EB22B8E1/hvac_action heating
2026-09-24T20:57:15+0200 OTGW/value/otgw-84F3EB22B8E1/Tret 35.00
2026-09-24T20:57:17+0200 OTGW/value/otgw-84F3EB22B8E1/RelModLevel 0.00
2026-09-24T20:57:18+0200 OTGW/value/otgw-84F3EB22B8E1/status_slave -C------
2026-09-24T20:57:18+0200 OTGW/value/otgw-84F3EB22B8E1/flame OFF
2026-09-24T20:57:20+0200 OTGW/value/otgw-84F3EB22B8E1/CHPressure 1.50
2026-09-24T20:57:25+0200 OTGW/value/otgw-84F3EB22B8E1/Tdhw 50.00
2026-09-24T20:57:25+0200 OTGW/value/otgw-84F3EB22B8E1/status_slave -CWF----
2026-09-24T20:57:25+0200 OTGW/value/otgw-84F3EB22B8E1/domestichotwater ON
2026-09-24T20:57:25+0200 OTGW/value/otgw-84F3EB22B8E1/flame ON
2026-09-24T20:57:25+0200 OTGW/value/otgw-84F3EB22B8E1/Tr 20.00
2026-09-24T20:57:25+0200 OTGW/value/otgw-84F3EB22B8E1/TrSet 20.50
2026-09-24T20:57:27+0200 OTGW/value/otgw-84F3EB22B8E1/status_slave ---F----
2026-09-24T20:57:27+0200 OTGW/value/otgw-84F3EB22B8E1/centralheating OFF
2026-09-24T20:57:27+0200 OTGW/value/otgw-84F3EB22B8E1/domestichotwater OFF
2026-09-24T20:57:27+0200 OTGW/value/otgw-84F3EB22B8E1/hvac_action idle
2026-09-24T20:57:29+0200 OTGW/value/otgw-84F3EB22B8E1/Toutside 10.00
2026-09-24T20:57:32+0200 OTGW/value/otgw-84F3EB22B8E1/MaxTSet 80.00
2026-09-24T20:57:33+0200 OTGW/value/otgw-84F3EB22B8E1/status_slave EC-F----
2026-09-24T20:57:33+0200 OTGW/value/otgw-84F3EB22B8E1/fault ON
2026-09-24T20:57:33+0200 OTGW/value/otgw-84F3EB22B8E1/centralheating ON
2026-09-24T20:57:33+0200 OTGW/value/otgw-84F3EB22B8E1/hvac_action heating
2026-09-24T20:57:34+0200 OTGW/value/otgw-84F3EB22B8E1/TSet 40.50
2026-09-24T20:57:36+0200 OTGW/value/otgw-84F3EB22B8E1/Tboiler 45.25
2026-09-24T20:57:37+0200 OTGW/value/otgw-84F3EB22B8E1/cooling_enable OFF
2026-09-24T20:57:37+0200 OTGW/value/otgw-84F3EB22B8E1/otc_active OFF
2026-09-24T20:57:37+0200 OTGW/value/otgw-84F3EB22B8E1/ch2_enable OFF
2026-09-24T20:57:37+0200 OTGW/value/otgw-84F3EB22B8E1/summerwintertime OFF
2026-09-24T20:57:37+0200 OTGW/value/otgw-84F3EB22B8E1/dhw_blocking OFF
2026-09-24T20:57:38+0200 OTGW/value/otgw-84F3EB22B8E1/status_slave EC------
2026-09-24T20:57:38+0200 OTGW/value/otgw-84F3EB22B8E1/flame OFF
2026-09-24T20:57:39+0200 OTGW/value/otgw-84F3EB22B8E1/Tret 35.25
2026-09-24T20:57:41+0200 OTGW/value/otgw-84F3EB22B8E1/RelModLevel 2.00
2026-09-24T20:57:42+0200 OTGW/value/otgw-84F3EB22B8E1/status_slave -C-F----
2026-09-24T20:57:42+0200 OTGW/value/otgw-84F3EB22B8E1/fault OFF
2026-09-24T20:57:42+0200 OTGW/value/otgw-84F3EB22B8E1/flame ON
2026-09-24T20:57:44+0200 OTGW/value/otgw-84F3EB22B8E1/CHPressure 1.51
2026-09-24T20:57:45+0200 OTGW/value/otgw-84F3EB22B8E1/Tdhw 50.10
2026-09-24T20:57:46+0200 OTGW/value/otgw-84F3EB22B8E1/status_master CD---W--
2026-09-24T20:57:46+0200 OTGW/value/otgw-84F3EB22B8E1/ch_enable ON
2026-09-24T20:57:46+0200 OTGW/value/otgw-84F3EB22B8E1/dhw_enable ON
2026-09-24T20:57:47+0200 OTGW/value/otgw-84F3EB22B8E1/status_slave --------
2026-09-24T20:57:47+0200 OTGW/value/otgw-84F3EB22B8E1/centralheating OFF
2026-09-24T20:57:47+0200 OTGW/value/otgw-84F3EB22B8E1/flame OFF
2026-09-24T20:57:47+0200 OTGW/value/otgw-84F3EB22B8E1/cooling OFF
2026-09-24T20:57:47+0200 OTGW/value/otgw-84F3EB22B8E1/centralheating2 OFF
2026-09-24T20:57:47+0200 OTGW/value/otgw-84F3EB22B8E1/diagnostic_indicator OFF
2026-09-24T20:57:47+0200 OTGW/value/otgw-84F3EB22B8E1/electric_production OFF
2026-09-24T20:57:47+0200 OTGW/value/otgw-84F3EB22B8E1/hvac_action idle
2026-09-24T20:57:48+0200 OTGW/value/otgw-84F3EB22B8E1/Tr 20.05
2026-09-24T20:57:49+0200 OTGW/value/otgw-84F3EB22B8E1/TrSet 21.00
2026-09-24T20:57:51+0200 OTGW/value/otgw-84F3EB22B8E1/status_slave -C-F----
2026-09-24T20:57:51+0200 OTGW/value/otgw-84F3EB22B8E1/centralheating ON
2026-09-24T20:57:51+0200 OTGW/value/otgw-84F3EB22B8E1/flame ON
2026-09-24T20:57:51+0200 OTGW/value/otgw-84F3EB22B8E1/hvac_action heating
2026-09-24T20:57:53+0200 OTGW/value/otgw-84F3EB22B8E1/Toutside 9.90
2026-09-24T20:57:54+0200 OTGW/value/otgw-84F3EB22B8E1/TdhwSet 56.00
2026-09-24T20:57:56+0200 OTGW/value/otgw-84F3EB22B8E1/MaxTSet 79.00
2026-09-24T20:57:57+0200 OTGW/value/otgw-84F3EB22B8E1/status_slave -C------
2026-09-24T20:57:57+0200 OTGW/value/otgw-84F3EB22B8E1/flame OFF
2026-09-24T20:57:58+0200 OTGW/value/otgw-84F3EB22B8E1/TSet 41.00
2026-09-24T20:58:00+0200 OTGW/value/otgw-84F3EB22B8E1/Tboiler 45.50
2026-09-24T20:58:02+0200 OTGW/value/otgw-84F3EB22B8E1/status_slave -CWF----
2026-09-24T20:58:02+0200 OTGW/value/otgw-84F3EB22B8E1/domestichotwater ON
2026-09-24T20:58:02+0200 OTGW/value/otgw-84F3EB22B8E1/flame ON
2026-09-24T20:58:03+0200 OTGW/value/otgw-84F3EB22B8E1/Tret 35.50
2026-09-24T20:58:05+0200 OTGW/value/otgw-84F3EB22B8E1/RelModLevel 4.00
2026-09-24T20:58:06+0200 OTGW/value/otgw-84F3EB22B8E1/status_slave ---F----
2026-09-24T20:58:06+0200 OTGW/value/otgw-84F3EB22B8E1/centralheating OFF
2026-09-24T20:58:06+0200 OTGW/value/otgw-84F3EB22B8E1/domestichotwater OFF
2026-09-24T20:58:06+0200 OTGW/value/otgw-84F3EB22B8E1/hvac_action idle
2026-09-24T20:58:08+0200 OTGW/value/otgw-84F3EB22B8E1/CHPressure 1.52
2026-09-24T20:58:09+0200 OTGW/value/otgw-84F3EB22B8E1/Tdhw 50.20
2026-09-24T20:58:11+0200 OTGW/value/otgw-84F3EB22B8E1/status_slave EC-F----
2026-09-24T20:58:11+0200 OTGW/value/otgw-84F3EB22B8E1/fault ON
2026-09-24T20:58:11+0200 OTGW/value/otgw-84F3EB22B8E1/centralheating ON
2026-09-24T20:58:11+0200 OTGW/value/otgw-84F3EB22B8E1/hvac_action heating
2026-09-24T20:58:12+0200 OTGW/value/otgw-84F3EB22B8E1/Tr 20.10
2026-09-24T20:58:13+0200 OTGW/value/otgw-84F3EB22B8E1/TrSet 21.50
2026-09-24T20:58:15+0200 OTGW/value/otgw-84F3EB22B8E1/status_slave EC------
2026-09-24T20:58:15+0200 OTGW/value/otgw-84F3EB22B8E1/flame OFF
2026-09-24T20:58:17+0200 OTGW/value/otgw-84F3EB22B8E1/Toutside 9.80
2026-09-24T20:58:18+0200 OTGW/value/otgw-84F3EB22B8E1/TdhwSet 57.00
2026-09-24T20:58:20+0200 OTGW/value/otgw-84F3EB22B8E1/MaxTSet 78.00
2026-09-24T20:58:21+0200 OTGW/value/otgw-84F3EB22B8E1/status_slave -C-F----
2026-09-24T20:58:21+0200 OTGW/value/otgw-84F3EB22B8E1/fault OFF
2026-09-24T20:58:21+0200 OTGW/value/otgw-84F3EB22B8E1/flame ON
2026-09-24T20:58:22+0200 OTGW/value/otgw-84F3EB22B8E1/TSet 41.50
2026-09-24T20:58:24+0200 OTGW/value/otgw-84F3EB22B8E1/Tboiler 45.75
2026-09-24T20:58:26+0200 OTGW/value/otgw-84F3EB22B8E1/status_slave --------
2026-09-24T20:58:26+0200 OTGW/value/otgw-84F3EB22B8E1/centralheating OFF
2026-09-24T20:58:26+0200 OTGW/value/otgw-84F3EB22B8E1/flame OFF
2026-09-24T20:58:26+0200 OTGW/value/otgw-84F3EB22B8E1/hvac_action idle
2026-09-24T20:58:27+0200 OTGW/value/otgw-84F3EB22B8E1/Tret 35.75
2026-09-24T20:58:29+0200 OTGW/value/otgw-84F3EB22B8E1/RelModLevel 6.00
2026-09-24T20:58:30+0200 OTGW/value/otgw-84F3EB22B8E1/status_slave -C-F----
2026-09-24T20:58:30+0200 OTGW/value/otgw-84F3EB22B8E1/centralheating ON
2026-09-24T20:58:30+0200 OTGW/value/otgw-84F3EB22B8E1/flame ON
2026-09-24T20:58:30+0200 OTGW/value/otgw-84F3EB22B8E1/hvac_action heating
2026-09-24T20:58:32+0200 OTGW/value/otgw-84F3EB22B8E1/CHPressure 1.53
2026-09-24T20:58:33+0200 OTGW/value/otgw-84F3EB22B8E1/Tdhw 50.30
2026-09-24T20:58:35+0200 OTGW/value/otgw-84F3EB22B8E1/status_slave -C------
2026-09-24T20:58:35+0200 OTGW/value/otgw-84F3EB22B8E1/flame OFF
2026-09-24T20:58:36+0200 OTGW/value/otgw-84F3EB22B8E1/Tr 20.15
2026-09-24T20:58:37+0200 OTGW/value/otgw-84F3EB22B8E1/TrSet 22.00
2026-09-24T20:58:39+0200 OTGW/value/otgw-84F3EB22B8E1/cooling_enable OFF
2026-09-24T20:58:39+0200 OTGW/value/otgw-84F3EB22B8E1/otc_active OFF
2026-09-24T20:58:39+0200 OTGW/value/otgw-84F3EB22B8E1/ch2_enable OFF
2026-09-24T20:58:39+0200 OTGW/value/otgw-84F3EB22B8E1/summerwintertime OFF
2026-09-24T20:58:39+0200 OTGW/value/otgw-84F3EB22B8E1/dhw_blocking OFF
2026-09-24T20:58:40+0200 OTGW/value/otgw-84F3EB22B8E1/status_slave -CWF----
2026-09-24T20:58:40+0200 OTGW/value/otgw-84F3EB22B8E1/domestichotwater ON
2026-09-24T20:58:40+0200 OTGW/value/otgw-84F3EB22B8E1/flame ON
2026-09-24T20:58:41+0200 OTGW/value/otgw-84F3EB22B8E1/Toutside 9.70
2026-09-24T20:58:43+0200 OTGW/value/otgw-84F3EB22B8E1/TdhwSet 55.00
2026-09-24T20:58:44+0200 OTGW/value/otgw-84F3EB22B8E1/MaxTSet 77.00
2026-09-24T20:58:46+0200 OTGW/value/otgw-84F3EB22B8E1/status_slave ---F----
2026-09-24T20:58:46+0200 OTGW/value/otgw-84F3EB22B8E1/centralheating OFF
2026-09-24T20:58:46+0200 OTGW/value/otgw-84F3EB22B8E1/domestichotwater OFF
2026-09-24T20:58:46+0200 OTGW/value/otgw-84F3EB22B8E1/hvac_action idle
2026-09-24T20:58:46+0200 OTGW/value/otgw-84F3EB22B8E1/TSet 42.00
2026-09-24T20:58:48+0200 OTGW/value/otgw-84F3EB22B8E1/status_master -----W--
2026-09-24T20:58:48+0200 OTGW/value/otgw-84F3EB22B8E1/ch_enable OFF
2026-09-24T20:58:48+0200 OTGW/value/otgw-84F3EB22B8E1/dhw_enable OFF
2026-09-24T20:59:16+0200 OTGW/value/otgw-84F3EB22B8E1/otgw-pic/thermostat_connected OFF
2026-09-24T20:59:16+0200 OTGW/value/otgw-84F3EB22B8E1/hvac_mode off
2026-09-24T20:59:16+0200 OTGW/value/otgw-84F3EB22B8E1/hvac_action off
2026-09-24T20:59:17+0200 OTGW/value/otgw-84F3EB22B8E1/otgw-pic/boiler_connected OFF
2026-09-24T20:59:17+0200 OTGW/value/otgw-84F3EB22B8E1/otgw-pic/otgw_connected OFF
2026-09-24T20:59:39+0200 OTGW/value/otgw-84F3EB22B8E1/cooling_enable OFF
2026-09-24T20:59:39+0200 OTGW/value/otgw-84F3EB22B8E1/otc_active OFF
2026-09-24T20:59:39+0200 OTGW/value/otgw-84F3EB22B8E1/ch2_enable OFF
2026-09-24T20:59:39+0200 OTGW/value/otgw-84F3EB22B8E1/summerwintertime OFF
2026-09-24T20:59:39+0200 OTGW/value/otgw-84F3EB22B8E1/dhw_blocking OFF
2026-09-24T20:59:48+0200 OTGW/value/otgw-84F3EB22B8E1/status_master -----W--
2026-09-24T20:59:48+0200 OTGW/value/otgw-84F3EB22B8E1/ch_enable OFF
2026-09-24T20:59:48+0200 OTGW/value/otgw-84F3EB22B8E1/dhw_enable OFF
2026-09-24T20:59:50+0200 OTGW/value/otgw-84F3EB22B8E1/event_report PR: M=G
2026-09-24T20:59:59+0200 OTGW/value/otgw-84F3EB22B8E1/otgw-firmware/stats/ws_drops 0
2026-09-24T20:59:59+0200 OTGW/value/otgw-84F3EB22B8E1/otgw-firmware/stats/mqtt_drops 0
2026-09-24T20:59:59+0200 OTGW/value/otgw-84F3EB22B8E1/otgw-firmware/stats/ws_fragskips 0
2026-09-24T20:59:59+0200 OTGW/value/otgw-84F3EB22B8E1/otgw-firmware/stats/mqtt_fragskips 0
2026-09-24T20:59:59+0200 OTGW/value/otgw-84F3EB22B8E1/otgw-firmware/stats/http_fragskips 0
2026-09-24T20:59:59+0200 OTGW/value/otgw-84F3EB22B8E1/otgw-firmware/stats/http_reaped 0
2026-09-24T20:59:59+0200 OTGW/value/otgw-84F3EB22B8E1/otgw-firmware/stats/enter_low 0
2026-09-24T20:59:59+0200 OTGW/value/otgw-84F3EB22B8E1/otgw-firmware/stats/enter_warning 0
2026-09-24T20:59:59+0200 OTGW/value/otgw-84F3EB22B8E1/otgw-firmware/stats/enter_critical 0
2026-09-24T20:59:59+0200 OTGW/value/otgw-84F3EB22B8E1/otgw-firmware/stats/drip_burst_skip 0
2026-09-24T20:59:59+0200 OTGW/value/otgw-84F3EB22B8E1/otgw-firmware/stats/drip_cooldown_skip 2373
2026-09-24T20:59:59+0200 OTGW/value/otgw-84F3EB22B8E1/otgw-firmware/stats/drip_slowmode 0
2026-09-24T20:59:59+0200 OTGW/value/otgw-84F3EB22B8E1/otgw-firmware/stats/free_heap 17608
2026-09-24T20:59:59+0200 OTGW/value/otgw-84F3EB22B8E1/otgw-firmware/stats/max_block 15336
2026-09-24T20:59:59+0200 OTGW/value/otgw-84F3EB22B8E1/otgw-firmware/stats/frag_pct 13
2026-09-24T20:59:59+0200 OTGW/value/otgw-84F3EB22B8E1/otgw-firmware/stats/disc_verify_runs 0
2026-09-24T21:00:22+0200 OTGW/value/otgw-84F3EB22B8E1/otgw-pic/thermostat_connected ON
2026-09-24T21:00:22+0200 OTGW/value/otgw-84F3EB22B8E1/hvac_mode heat
2026-09-24T21:00:22+0200 OTGW/value/otgw-84F3EB22B8E1/hvac_action idle
2026-09-24T21:00:22+0200 OTGW/value/otgw-84F3EB22B8E1/otgw-pic/otgw_connected ON
2026-09-24T21:00:23+0200 OTGW/value/otgw-84F3EB22B8E1/status_master CD---W--
2026-09-24T21:00:23+0200 OTGW/value/otgw-84F3EB22B8E1/ch_enable ON
2026-09-24T21:00:23+0200 OTGW/value/otgw-84F3EB22B8E1/dhw_enable ON
2026-09-24T21:00:24+0200 OTGW/value/otgw-84F3EB22B8E1/status_master -----W--
2026-09-24T21:00:24+0200 OTGW/value/otgw-84F3EB22B8E1/ch_enable OFF
2026-09-24T21:00:24+0200 OTGW/value/otgw-84F3EB22B8E1/dhw_enable OFF
2026-09-24T21:00:37+0200 OTGW/value/otgw-84F3EB22B8E1/otgw-pic/boiler_connected ON
2026-09-24T21:00:37+0200 OTGW/value/otgw-84F3EB22B8E1/status_master CD---W--
2026-09-24T21:00:37+0200 OTGW/value/otgw-84F3EB22B8E1/ch_enable ON
2026-09-24T21:00:37+0200 OTGW/value/otgw-84F3EB22B8E1/dhw_enable ON
2026-09-24T21:00:38+0200 OTGW/value/otgw-84F3EB22B8E1/status_slave --------
2026-09-24T21:00:38+0200 OTGW/value/otgw-84F3EB22B8E1/fault OFF
2026-09-24T21:00:38+0200 OTGW/value/otgw-84F3EB22B8E1/centralheating OFF
2026-09-24T21:00:38+0200 OTGW/value/otgw-84F3EB22B8E1/domestichotwater OFF
2026-09-24T21:00:38+0200 OTGW/value/otgw-84F3EB22B8E1/flame OFF
2026-09-24T21:00:38+0200 OTGW/value/otgw-84F3EB22B8E1/cooling OFF
2026-09-24T21:00:38+0200 OTGW/value/otgw-84F3EB22B8E1/centralheating2 OFF
2026-09-24T21:00:38+0200 OTGW/value/otgw-84F3EB22B8E1/diagnostic_indicator OFF
2026-09-24T21:00:38+0200 OTGW/value/otgw-84F3EB22B8E1/electric_production OFF
2026-09-24T21:00:38+0200 OTGW/value/otgw-84F3EB22B8E1/TSet 40.00
2026-09-24T21:00:41+0200 OTGW/value/otgw-84F3EB22B8E1/Tboiler 45.00
2026-09-24T21:00:41+0200 OTGW/value/otgw-84F3EB22B8E1/cooling_enable OFF
2026-09-24T21:00:41+0200 OTGW/value/otgw-84F3EB22B8E1/otc_active OFF
2026-09-24T21:00:41+0200 OTGW/value/otgw-84F3EB22B8E1/ch2_enable OFF
2026-09-24T21:00:41+0200 OTGW/value/otgw-84F3EB22B8E1/summerwintertime OFF
2026-09-24T21:00:41+0200 OTGW/value/otgw-84F3EB22B8E1/dhw_blocking OFF
2026-09-24T21:00:42+0200 OTGW/value/otgw-84F3EB22B8E1/status_slave -C-F----
2026-09-24T21:00:42+0200 OTGW/value/otgw-84F3EB22B8E1/centralheating ON
2026-09-24T21:00:42+0200 OTGW/value/otgw-84F3EB22B8E1/flame ON
2026-09-24T21:00:42+0200 OTGW/value/otgw-84F3EB22B8E1/hvac_action heating
2026-09-24T21:00:44+0200 OTGW/value/otgw-84F3EB22B8E1/Tret 35.00
2026-09-24T21:00:45+0200 OTGW/value/otgw-84F3EB22B8E1/RelModLevel 0.00
2026-09-24T21:00:47+0200 OTGW/value/otgw-84F3EB22B8E1/status_slave -C------
2026-09-24T21:00:47+0200 OTGW/value/otgw-84F3EB22B8E1/flame OFF
2026-09-24T21:00:48+0200 OTGW/value/otgw-84F3EB22B8E1/CHPressure 1.50
2026-09-24T21:00:50+0200 OTGW/value/otgw-84F3EB22B8E1/Tdhw 50.00
2026-09-24T21:00:51+0200 OTGW/value/otgw-84F3EB22B8E1/status_slave -CWF----
2026-09-24T21:00:51+0200 OTGW/value/otgw-84F3EB22B8E1/domestichotwater ON
2026-09-24T21:00:51+0200 OTGW/value/otgw-84F3EB22B8E1/flame ON
2026-09-24T21:00:52+0200 OTGW/value/otgw-84F3EB22B8E1/Tr 20.00
2026-09-24T21:00:54+0200 OTGW/value/otgw-84F3EB22B8E1/TrSet 20.50
2026-09-24T21:00:56+0200 OTGW/value/otgw-84F3EB22B8E1/status_slave ---F----
2026-09-24T21:00:56+0200 OTGW/value/otgw-84F3EB22B8E1/centralheating OFF
2026-09-24T21:00:56+0200 OTGW/value/otgw-84F3EB22B8E1/domestichotwater OFF
2026-09-24T21:00:56+0200 OTGW/value/otgw-84F3EB22B8E1/hvac_action idle
2026-09-24T21:00:57+0200 OTGW/value/otgw-84F3EB22B8E1/Toutside 10.00
2026-09-24T21:00:59+0200 OTGW/value/otgw-84F3EB22B8E1/TdhwSet 55.00
2026-09-24T21:01:00+0200 OTGW/value/otgw-84F3EB22B8E1/MaxTSet 80.00
2026-09-24T21:01:02+0200 OTGW/value/otgw-84F3EB22B8E1/status_slave EC-F----
2026-09-24T21:01:02+0200 OTGW/value/otgw-84F3EB22B8E1/fault ON
2026-09-24T21:01:02+0200 OTGW/value/otgw-84F3EB22B8E1/centralheating ON
2026-09-24T21:01:02+0200 OTGW/value/otgw-84F3EB22B8E1/hvac_action heating
2026-09-24T21:01:03+0200 OTGW/value/otgw-84F3EB22B8E1/TSet 40.50
2026-09-24T21:01:05+0200 OTGW/value/otgw-84F3EB22B8E1/Tboiler 45.25
2026-09-24T21:01:06+0200 OTGW/value/otgw-84F3EB22B8E1/status_slave EC------
2026-09-24T21:01:06+0200 OTGW/value/otgw-84F3EB22B8E1/flame OFF
2026-09-24T21:01:08+0200 OTGW/value/otgw-84F3EB22B8E1/Tret 35.25
2026-09-24T21:01:09+0200 OTGW/value/otgw-84F3EB22B8E1/RelModLevel 2.00
2026-09-24T21:01:11+0200 OTGW/value/otgw-84F3EB22B8E1/status_slave -C-F----
2026-09-24T21:01:11+0200 OTGW/value/otgw-84F3EB22B8E1/fault OFF
2026-09-24T21:01:11+0200 OTGW/value/otgw-84F3EB22B8E1/flame ON
2026-09-24T21:01:12+0200 OTGW/value/otgw-84F3EB22B8E1/CHPressure 1.51
2026-09-24T21:01:14+0200 OTGW/value/otgw-84F3EB22B8E1/Tdhw 50.10
2026-09-24T21:01:15+0200 OTGW/value/otgw-84F3EB22B8E1/status_slave --------
2026-09-24T21:01:15+0200 OTGW/value/otgw-84F3EB22B8E1/centralheating OFF
2026-09-24T21:01:15+0200 OTGW/value/otgw-84F3EB22B8E1/flame OFF
2026-09-24T21:01:15+0200 OTGW/value/otgw-84F3EB22B8E1/hvac_action idle
2026-09-24T21:01:16+0200 OTGW/value/otgw-84F3EB22B8E1/Tr 20.05
2026-09-24T21:01:18+0200 OTGW/value/otgw-84F3EB22B8E1/TrSet 21.00
2026-09-24T21:01:19+0200 OTGW/value/otgw-84F3EB22B8E1/otgw-firmware/uptime 83953
2026-09-24T21:01:19+0200 OTGW/value/otgw-84F3EB22B8E1/otgw-firmware/hostname OTGW
2026-09-24T21:01:19+0200 OTGW/value/otgw-84F3EB22B8E1/otgw-firmware/version 1.7.6-beta.5+e0e0d3b
2026-09-24T21:01:19+0200 OTGW/value/otgw-84F3EB22B8E1/otgw-firmware/reboot_count 12
2026-09-24T21:01:19+0200 OTGW/value/otgw-84F3EB22B8E1/otgw-firmware/reboot_reason Software/System restart
2026-09-24T21:01:19+0200 OTGW/value/otgw-84F3EB22B8E1/otgw-pic/version 6.8
2026-09-24T21:01:19+0200 OTGW/value/otgw-84F3EB22B8E1/otgw-pic/deviceid pic16f1847
2026-09-24T21:01:19+0200 OTGW/value/otgw-84F3EB22B8E1/otgw-pic/firmwaretype gateway
2026-09-24T21:01:19+0200 OTGW/value/otgw-84F3EB22B8E1/otgw-pic/designer Schelte Bron
2026-09-24T21:01:19+0200 OTGW/value/otgw-84F3EB22B8E1/otgw-pic/picavailable ON
2026-09-24T21:01:19+0200 OTGW/value/otgw-84F3EB22B8E1/otgw-pic/boiler_connected ON
2026-09-24T21:01:19+0200 OTGW/value/otgw-84F3EB22B8E1/otgw-pic/thermostat_connected ON
2026-09-24T21:01:19+0200 OTGW/value/otgw-84F3EB22B8E1/otgw-pic/otgw_connected ON
2026-09-24T21:01:19+0200 OTGW/value/otgw-84F3EB22B8E1/otgw-pic/gateway_mode ON
2026-09-24T21:01:19+0200 OTGW/value/otgw-84F3EB22B8E1/otgw-pic/settings/setpoint_override N
2026-09-24T21:01:19+0200 OTGW/value/otgw-84F3EB22B8E1/otgw-pic/settings/setback 16.00
2026-09-24T21:01:19+0200 OTGW/value/otgw-84F3EB22B8E1/otgw-pic/settings/dhw_override A
2026-09-24T21:01:19+0200 OTGW/value/otgw-84F3EB22B8E1/otgw-pic/settings/gpio 00
2026-09-24T21:01:19+0200 OTGW/value/otgw-84F3EB22B8E1/otgw-pic/settings/gpio_states 11
2026-09-24T21:01:19+0200 OTGW/value/otgw-84F3EB22B8E1/otgw-pic/settings/led FXOMPC
2026-09-24T21:01:19+0200 OTGW/value/otgw-84F3EB22B8E1/otgw-pic/settings/tweaks 11
2026-09-24T21:01:19+0200 OTGW/value/otgw-84F3EB22B8E1/otgw-pic/settings/temp_sensor O
2026-09-24T21:01:19+0200 OTGW/value/otgw-84F3EB22B8E1/otgw-pic/settings/smart_power Low power
2026-09-24T21:01:19+0200 OTGW/value/otgw-84F3EB22B8E1/otgw-pic/settings/thermostat_detect D
2026-09-24T21:01:19+0200 OTGW/value/otgw-84F3EB22B8E1/otgw-pic/settings/builddate 11:55 25-08-2026
2026-09-24T21:01:19+0200 OTGW/value/otgw-84F3EB22B8E1/otgw-pic/settings/clock_mhz 4 MHz
2026-09-24T21:01:19+0200 OTGW/value/otgw-84F3EB22B8E1/otgw-pic/settings/reset_cause E
2026-09-24T21:01:19+0200 OTGW/value/otgw-84F3EB22B8E1/otgw-pic/settings/standalone_interval 1000
2026-09-24T21:01:19+0200 OTGW/value/otgw-84F3EB22B8E1/otgw-pic/settings/voltage_ref 5
2026-09-24T21:01:20+0200 OTGW/value/otgw-84F3EB22B8E1/status_slave -C-F----
2026-09-24T21:01:20+0200 OTGW/value/otgw-84F3EB22B8E1/centralheating ON
2026-09-24T21:01:20+0200 OTGW/value/otgw-84F3EB22B8E1/flame ON
2026-09-24T21:01:20+0200 OTGW/value/otgw-84F3EB22B8E1/hvac_action heating
2026-09-24T21:01:21+0200 OTGW/value/otgw-84F3EB22B8E1/Toutside 9.90
2026-09-24T21:01:23+0200 OTGW/value/otgw-84F3EB22B8E1/TdhwSet 56.00
2026-09-24T21:01:24+0200 OTGW/value/otgw-84F3EB22B8E1/MaxTSet 79.00
2026-09-24T21:01:26+0200 OTGW/value/otgw-84F3EB22B8E1/status_slave -C------
2026-09-24T21:01:26+0200 OTGW/value/otgw-84F3EB22B8E1/flame OFF
2026-09-24T21:01:27+0200 OTGW/value/otgw-84F3EB22B8E1/TSet 41.00
2026-09-24T21:01:29+0200 OTGW/value/otgw-84F3EB22B8E1/Tboiler 45.50
2026-09-24T21:01:30+0200 OTGW/value/otgw-84F3EB22B8E1/status_slave -CWF----
2026-09-24T21:01:30+0200 OTGW/value/otgw-84F3EB22B8E1/domestichotwater ON
2026-09-24T21:01:30+0200 OTGW/value/otgw-84F3EB22B8E1/flame ON
2026-09-24T21:01:32+0200 OTGW/value/otgw-84F3EB22B8E1/Tret 35.50
2026-09-24T21:01:34+0200 OTGW/value/otgw-84F3EB22B8E1/RelModLevel 4.00
2026-09-24T21:01:35+0200 OTGW/value/otgw-84F3EB22B8E1/status_slave ---F----
2026-09-24T21:01:35+0200 OTGW/value/otgw-84F3EB22B8E1/centralheating OFF
2026-09-24T21:01:35+0200 OTGW/value/otgw-84F3EB22B8E1/domestichotwater OFF
2026-09-24T21:01:35+0200 OTGW/value/otgw-84F3EB22B8E1/hvac_action idle
2026-09-24T21:01:37+0200 OTGW/value/otgw-84F3EB22B8E1/CHPressure 1.52
2026-09-24T21:01:38+0200 OTGW/value/otgw-84F3EB22B8E1/Tdhw 50.20
2026-09-24T21:01:39+0200 OTGW/value/otgw-84F3EB22B8E1/status_master CD---W--
2026-09-24T21:01:39+0200 OTGW/value/otgw-84F3EB22B8E1/ch_enable ON
2026-09-24T21:01:39+0200 OTGW/value/otgw-84F3EB22B8E1/dhw_enable ON
2026-09-24T21:01:40+0200 OTGW/value/otgw-84F3EB22B8E1/status_slave EC-F----
2026-09-24T21:01:40+0200 OTGW/value/otgw-84F3EB22B8E1/fault ON
2026-09-24T21:01:40+0200 OTGW/value/otgw-84F3EB22B8E1/centralheating ON
2026-09-24T21:01:40+0200 OTGW/value/otgw-84F3EB22B8E1/cooling OFF
2026-09-24T21:01:40+0200 OTGW/value/otgw-84F3EB22B8E1/centralheating2 OFF
2026-09-24T21:01:40+0200 OTGW/value/otgw-84F3EB22B8E1/diagnostic_indicator OFF
2026-09-24T21:01:40+0200 OTGW/value/otgw-84F3EB22B8E1/electric_production OFF
2026-09-24T21:01:40+0200 OTGW/value/otgw-84F3EB22B8E1/hvac_action heating
2026-09-24T21:01:40+0200 OTGW/value/otgw-84F3EB22B8E1/Tr 20.10
2026-09-24T21:01:42+0200 OTGW/value/otgw-84F3EB22B8E1/TrSet 21.50
2026-09-24T21:01:43+0200 OTGW/value/otgw-84F3EB22B8E1/cooling_enable OFF
2026-09-24T21:01:43+0200 OTGW/value/otgw-84F3EB22B8E1/otc_active OFF
2026-09-24T21:01:43+0200 OTGW/value/otgw-84F3EB22B8E1/ch2_enable OFF
2026-09-24T21:01:43+0200 OTGW/value/otgw-84F3EB22B8E1/summerwintertime OFF
2026-09-24T21:01:43+0200 OTGW/value/otgw-84F3EB22B8E1/dhw_blocking OFF
2026-09-24T21:01:44+0200 OTGW/value/otgw-84F3EB22B8E1/status_slave EC------
2026-09-24T21:01:44+0200 OTGW/value/otgw-84F3EB22B8E1/flame OFF
2026-09-24T21:01:46+0200 OTGW/value/otgw-84F3EB22B8E1/Toutside 9.80
2026-09-24T21:01:47+0200 OTGW/value/otgw-84F3EB22B8E1/TdhwSet 57.00
2026-09-24T21:01:49+0200 OTGW/value/otgw-84F3EB22B8E1/MaxTSet 78.00
2026-09-24T21:01:50+0200 OTGW/value/otgw-84F3EB22B8E1/status_slave -C-F----
2026-09-24T21:01:50+0200 OTGW/value/otgw-84F3EB22B8E1/fault OFF
2026-09-24T21:01:50+0200 OTGW/value/otgw-84F3EB22B8E1/flame ON
2026-09-24T21:01:51+0200 OTGW/value/otgw-84F3EB22B8E1/TSet 41.50
2026-09-24T21:01:53+0200 OTGW/value/otgw-84F3EB22B8E1/Tboiler 45.75
2026-09-24T21:01:55+0200 OTGW/value/otgw-84F3EB22B8E1/status_slave --------
2026-09-24T21:01:55+0200 OTGW/value/otgw-84F3EB22B8E1/centralheating OFF
2026-09-24T21:01:55+0200 OTGW/value/otgw-84F3EB22B8E1/flame OFF
2026-09-24T21:01:55+0200 OTGW/value/otgw-84F3EB22B8E1/hvac_action idle
2026-09-24T21:01:56+0200 OTGW/value/otgw-84F3EB22B8E1/Tret 35.75
2026-09-24T21:01:58+0200 OTGW/value/otgw-84F3EB22B8E1/RelModLevel 6.00
2026-09-24T21:01:59+0200 OTGW/value/otgw-84F3EB22B8E1/status_slave -C-F----
2026-09-24T21:01:59+0200 OTGW/value/otgw-84F3EB22B8E1/centralheating ON
2026-09-24T21:01:59+0200 OTGW/value/otgw-84F3EB22B8E1/flame ON
2026-09-24T21:01:59+0200 OTGW/value/otgw-84F3EB22B8E1/hvac_action heating
2026-09-24T21:02:01+0200 OTGW/value/otgw-84F3EB22B8E1/CHPressure 1.53
2026-09-24T21:02:02+0200 OTGW/value/otgw-84F3EB22B8E1/Tdhw 50.30
2026-09-24T21:02:04+0200 OTGW/value/otgw-84F3EB22B8E1/status_slave -C------
2026-09-24T21:02:04+0200 OTGW/value/otgw-84F3EB22B8E1/flame OFF
2026-09-24T21:02:05+0200 OTGW/value/otgw-84F3EB22B8E1/Tr 20.15
2026-09-24T21:02:06+0200 OTGW/value/otgw-84F3EB22B8E1/TrSet 22.00
2026-09-24T21:02:08+0200 OTGW/value/otgw-84F3EB22B8E1/status_slave -CWF----
2026-09-24T21:02:08+0200 OTGW/value/otgw-84F3EB22B8E1/domestichotwater ON
2026-09-24T21:02:08+0200 OTGW/value/otgw-84F3EB22B8E1/flame ON
2026-09-24T21:02:10+0200 OTGW/value/otgw-84F3EB22B8E1/Toutside 9.70
2026-09-24T21:02:11+0200 OTGW/value/otgw-84F3EB22B8E1/TdhwSet 55.00
2026-09-24T21:02:13+0200 OTGW/value/otgw-84F3EB22B8E1/MaxTSet 77.00
2026-09-24T21:02:14+0200 OTGW/value/otgw-84F3EB22B8E1/status_slave ---F----
2026-09-24T21:02:14+0200 OTGW/value/otgw-84F3EB22B8E1/centralheating OFF
2026-09-24T21:02:14+0200 OTGW/value/otgw-84F3EB22B8E1/domestichotwater OFF
2026-09-24T21:02:14+0200 OTGW/value/otgw-84F3EB22B8E1/hvac_action idle
2026-09-24T21:02:15+0200 OTGW/value/otgw-84F3EB22B8E1/TSet 42.00
2026-09-24T21:02:17+0200 OTGW/value/otgw-84F3EB22B8E1/Tboiler 46.00
2026-09-24T21:02:19+0200 OTGW/value/otgw-84F3EB22B8E1/status_slave EC-F----
2026-09-24T21:02:19+0200 OTGW/value/otgw-84F3EB22B8E1/fault ON
2026-09-24T21:02:19+0200 OTGW/value/otgw-84F3EB22B8E1/centralheating ON
2026-09-24T21:02:19+0200 OTGW/value/otgw-84F3EB22B8E1/hvac_action heating
2026-09-24T21:02:20+0200 OTGW/value/otgw-84F3EB22B8E1/Tret 36.00
2026-09-24T21:02:22+0200 OTGW/value/otgw-84F3EB22B8E1/RelModLevel 8.00
2026-09-24T21:02:23+0200 OTGW/value/otgw-84F3EB22B8E1/status_slave EC------
2026-09-24T21:02:23+0200 OTGW/value/otgw-84F3EB22B8E1/flame OFF
2026-09-24T21:02:25+0200 OTGW/value/otgw-84F3EB22B8E1/CHPressure 1.54
2026-09-24T21:02:26+0200 OTGW/value/otgw-84F3EB22B8E1/Tdhw 50.40
2026-09-24T21:02:28+0200 OTGW/value/otgw-84F3EB22B8E1/status_slave -C-F----
2026-09-24T21:02:28+0200 OTGW/value/otgw-84F3EB22B8E1/fault OFF
2026-09-24T21:02:28+0200 OTGW/value/otgw-84F3EB22B8E1/flame ON
2026-09-24T21:02:29+0200 OTGW/value/otgw-84F3EB22B8E1/Tr 20.20
2026-09-24T21:02:30+0200 OTGW/value/otgw-84F3EB22B8E1/TrSet 20.50
2026-09-24T21:02:32+0200 OTGW/value/otgw-84F3EB22B8E1/status_slave --------
2026-09-24T21:02:32+0200 OTGW/value/otgw-84F3EB22B8E1/centralheating OFF
2026-09-24T21:02:32+0200 OTGW/value/otgw-84F3EB22B8E1/flame OFF
2026-09-24T21:02:32+0200 OTGW/value/otgw-84F3EB22B8E1/hvac_action idle
2026-09-24T21:02:34+0200 OTGW/value/otgw-84F3EB22B8E1/Toutside 9.60
2026-09-24T21:02:35+0200 OTGW/value/otgw-84F3EB22B8E1/TdhwSet 56.00
2026-09-24T21:02:37+0200 OTGW/value/otgw-84F3EB22B8E1/MaxTSet 76.00
2026-09-24T21:02:38+0200 OTGW/value/otgw-84F3EB22B8E1/status_slave -C-F----
2026-09-24T21:02:38+0200 OTGW/value/otgw-84F3EB22B8E1/centralheating ON
2026-09-24T21:02:38+0200 OTGW/value/otgw-84F3EB22B8E1/flame ON
2026-09-24T21:02:38+0200 OTGW/value/otgw-84F3EB22B8E1/hvac_action heating
2026-09-24T21:02:39+0200 OTGW/value/otgw-84F3EB22B8E1/TSet 42.50
2026-09-24T21:02:41+0200 OTGW/value/otgw-84F3EB22B8E1/Tboiler 46.25
2026-09-24T21:02:42+0200 OTGW/value/otgw-84F3EB22B8E1/status_master CD---W--
2026-09-24T21:02:42+0200 OTGW/value/otgw-84F3EB22B8E1/ch_enable ON
2026-09-24T21:02:42+0200 OTGW/value/otgw-84F3EB22B8E1/dhw_enable ON
2026-09-24T21:02:43+0200 OTGW/value/otgw-84F3EB22B8E1/status_slave -C------
2026-09-24T21:02:43+0200 OTGW/value/otgw-84F3EB22B8E1/flame OFF
2026-09-24T21:02:43+0200 OTGW/value/otgw-84F3EB22B8E1/cooling OFF
2026-09-24T21:02:43+0200 OTGW/value/otgw-84F3EB22B8E1/centralheating2 OFF
2026-09-24T21:02:43+0200 OTGW/value/otgw-84F3EB22B8E1/diagnostic_indicator OFF
2026-09-24T21:02:43+0200 OTGW/value/otgw-84F3EB22B8E1/electric_production OFF
2026-09-24T21:02:45+0200 OTGW/value/otgw-84F3EB22B8E1/Tret 36.25
2026-09-24T21:02:46+0200 OTGW/value/otgw-84F3EB22B8E1/RelModLevel 10.00
2026-09-24T21:02:47+0200 OTGW/value/otgw-84F3EB22B8E1/cooling_enable OFF
2026-09-24T21:02:47+0200 OTGW/value/otgw-84F3EB22B8E1/otc_active OFF
2026-09-24T21:02:47+0200 OTGW/value/otgw-84F3EB22B8E1/ch2_enable OFF
2026-09-24T21:02:47+0200 OTGW/value/otgw-84F3EB22B8E1/summerwintertime OFF
2026-09-24T21:02:47+0200 OTGW/value/otgw-84F3EB22B8E1/dhw_blocking OFF
2026-09-24T21:02:48+0200 OTGW/value/otgw-84F3EB22B8E1/status_slave -CWF----
2026-09-24T21:02:48+0200 OTGW/value/otgw-84F3EB22B8E1/domestichotwater ON
2026-09-24T21:02:48+0200 OTGW/value/otgw-84F3EB22B8E1/flame ON
2026-09-24T21:02:49+0200 OTGW/value/otgw-84F3EB22B8E1/CHPressure 1.55
2026-09-24T21:02:51+0200 OTGW/value/otgw-84F3EB22B8E1/Tdhw 50.50
2026-09-24T21:02:52+0200 OTGW/value/otgw-84F3EB22B8E1/status_slave ---F----
2026-09-24T21:02:52+0200 OTGW/value/otgw-84F3EB22B8E1/centralheating OFF
2026-09-24T21:02:52+0200 OTGW/value/otgw-84F3EB22B8E1/domestichotwater OFF
2026-09-24T21:02:52+0200 OTGW/value/otgw-84F3EB22B8E1/hvac_action idle
2026-09-24T21:02:53+0200 OTGW/value/otgw-84F3EB22B8E1/Tr 20.25
2026-09-24T21:02:54+0200 OTGW/value/otgw-84F3EB22B8E1/TrSet 21.00
2026-09-24T21:02:57+0200 OTGW/value/otgw-84F3EB22B8E1/status_slave EC-F----
2026-09-24T21:02:57+0200 OTGW/value/otgw-84F3EB22B8E1/fault ON
2026-09-24T21:02:57+0200 OTGW/value/otgw-84F3EB22B8E1/centralheating ON
2026-09-24T21:02:57+0200 OTGW/value/otgw-84F3EB22B8E1/hvac_action heating
2026-09-24T21:02:58+0200 OTGW/value/otgw-84F3EB22B8E1/Toutside 9.50
2026-09-24T21:03:00+0200 OTGW/value/otgw-84F3EB22B8E1/TdhwSet 57.00
2026-09-24T21:03:01+0200 OTGW/value/otgw-84F3EB22B8E1/MaxTSet 80.00
2026-09-24T21:03:03+0200 OTGW/value/otgw-84F3EB22B8E1/status_slave EC------
2026-09-24T21:03:03+0200 OTGW/value/otgw-84F3EB22B8E1/flame OFF
2026-09-24T21:03:03+0200 OTGW/value/otgw-84F3EB22B8E1/TSet 43.00
2026-09-24T21:03:06+0200 OTGW/value/otgw-84F3EB22B8E1/Tboiler 46.50
2026-09-24T21:03:07+0200 OTGW/value/otgw-84F3EB22B8E1/status_slave -C-F----
2026-09-24T21:03:07+0200 OTGW/value/otgw-84F3EB22B8E1/fault OFF
2026-09-24T21:03:07+0200 OTGW/value/otgw-84F3EB22B8E1/flame ON
2026-09-24T21:03:09+0200 OTGW/value/otgw-84F3EB22B8E1/Tret 36.50
2026-09-24T21:03:10+0200 OTGW/value/otgw-84F3EB22B8E1/RelModLevel 12.00
2026-09-24T21:03:12+0200 OTGW/value/otgw-84F3EB22B8E1/status_slave --------
2026-09-24T21:03:12+0200 OTGW/value/otgw-84F3EB22B8E1/centralheating OFF
2026-09-24T21:03:12+0200 OTGW/value/otgw-84F3EB22B8E1/flame OFF
2026-09-24T21:03:12+0200 OTGW/value/otgw-84F3EB22B8E1/hvac_action idle
2026-09-24T21:03:13+0200 OTGW/value/otgw-84F3EB22B8E1/CHPressure 1.56
2026-09-24T21:03:15+0200 OTGW/value/otgw-84F3EB22B8E1/Tdhw 50.60
2026-09-24T21:03:16+0200 OTGW/value/otgw-84F3EB22B8E1/status_slave -C-F----
2026-09-24T21:03:16+0200 OTGW/value/otgw-84F3EB22B8E1/centralheating ON
2026-09-24T21:03:16+0200 OTGW/value/otgw-84F3EB22B8E1/flame ON
2026-09-24T21:03:16+0200 OTGW/value/otgw-84F3EB22B8E1/hvac_action heating
2026-09-24T21:03:17+0200 OTGW/value/otgw-84F3EB22B8E1/Tr 20.30
2026-09-24T21:03:19+0200 OTGW/value/otgw-84F3EB22B8E1/TrSet 21.50
2026-09-24T21:03:21+0200 OTGW/value/otgw-84F3EB22B8E1/status_slave -C------
2026-09-24T21:03:21+0200 OTGW/value/otgw-84F3EB22B8E1/flame OFF
2026-09-24T21:03:22+0200 OTGW/value/otgw-84F3EB22B8E1/Toutside 9.40
2026-09-24T21:03:24+0200 OTGW/value/otgw-84F3EB22B8E1/TdhwSet 55.00
2026-09-24T21:03:25+0200 OTGW/value/otgw-84F3EB22B8E1/MaxTSet 79.00
2026-09-24T21:03:27+0200 OTGW/value/otgw-84F3EB22B8E1/status_slave -CWF----
2026-09-24T21:03:27+0200 OTGW/value/otgw-84F3EB22B8E1/domestichotwater ON
2026-09-24T21:03:27+0200 OTGW/value/otgw-84F3EB22B8E1/flame ON
2026-09-24T21:03:28+0200 OTGW/value/otgw-84F3EB22B8E1/TSet 43.50
2026-09-24T21:03:30+0200 OTGW/value/otgw-84F3EB22B8E1/Tboiler 46.75
2026-09-24T21:03:31+0200 OTGW/value/otgw-84F3EB22B8E1/status_slave ---F----
2026-09-24T21:03:31+0200 OTGW/value/otgw-84F3EB22B8E1/centralheating OFF
2026-09-24T21:03:31+0200 OTGW/value/otgw-84F3EB22B8E1/domestichotwater OFF
2026-09-24T21:03:31+0200 OTGW/value/otgw-84F3EB22B8E1/hvac_action idle
2026-09-24T21:03:33+0200 OTGW/value/otgw-84F3EB22B8E1/Tret 36.75
2026-09-24T21:03:34+0200 OTGW/value/otgw-84F3EB22B8E1/RelModLevel 14.00
2026-09-24T21:03:36+0200 OTGW/value/otgw-84F3EB22B8E1/status_slave EC-F----
2026-09-24T21:03:36+0200 OTGW/value/otgw-84F3EB22B8E1/fault ON
2026-09-24T21:03:36+0200 OTGW/value/otgw-84F3EB22B8E1/centralheating ON
2026-09-24T21:03:36+0200 OTGW/value/otgw-84F3EB22B8E1/hvac_action heating
2026-09-24T21:03:37+0200 OTGW/value/otgw-84F3EB22B8E1/CHPressure 1.57
2026-09-24T21:03:39+0200 OTGW/value/otgw-84F3EB22B8E1/Tdhw 50.70
2026-09-24T21:03:40+0200 OTGW/value/otgw-84F3EB22B8E1/status_slave EC------
2026-09-24T21:03:40+0200 OTGW/value/otgw-84F3EB22B8E1/flame OFF
2026-09-24T21:03:41+0200 OTGW/value/otgw-84F3EB22B8E1/Tr 20.35
2026-09-24T21:03:43+0200 OTGW/value/otgw-84F3EB22B8E1/TrSet 22.00
2026-09-24T21:03:44+0200 OTGW/value/otgw-84F3EB22B8E1/status_master CD---W--
2026-09-24T21:03:44+0200 OTGW/value/otgw-84F3EB22B8E1/ch_enable ON
2026-09-24T21:03:44+0200 OTGW/value/otgw-84F3EB22B8E1/dhw_enable ON
2026-09-24T21:03:45+0200 OTGW/value/otgw-84F3EB22B8E1/status_slave -C-F----
2026-09-24T21:03:45+0200 OTGW/value/otgw-84F3EB22B8E1/fault OFF
2026-09-24T21:03:45+0200 OTGW/value/otgw-84F3EB22B8E1/flame ON
2026-09-24T21:03:45+0200 OTGW/value/otgw-84F3EB22B8E1/cooling OFF
2026-09-24T21:03:45+0200 OTGW/value/otgw-84F3EB22B8E1/centralheating2 OFF
2026-09-24T21:03:45+0200 OTGW/value/otgw-84F3EB22B8E1/diagnostic_indicator OFF
2026-09-24T21:03:45+0200 OTGW/value/otgw-84F3EB22B8E1/electric_production OFF
2026-09-24T21:03:46+0200 OTGW/value/otgw-84F3EB22B8E1/Toutside 9.30
2026-09-24T21:03:48+0200 OTGW/value/otgw-84F3EB22B8E1/TdhwSet 56.00
2026-09-24T21:03:49+0200 OTGW/value/otgw-84F3EB22B8E1/MaxTSet 78.00
2026-09-24T21:03:50+0200 OTGW/value/otgw-84F3EB22B8E1/cooling_enable OFF
2026-09-24T21:03:50+0200 OTGW/value/otgw-84F3EB22B8E1/otc_active OFF
2026-09-24T21:03:50+0200 OTGW/value/otgw-84F3EB22B8E1/ch2_enable OFF
2026-09-24T21:03:50+0200 OTGW/value/otgw-84F3EB22B8E1/summerwintertime OFF
2026-09-24T21:03:50+0200 OTGW/value/otgw-84F3EB22B8E1/dhw_blocking OFF
2026-09-24T21:03:51+0200 OTGW/value/otgw-84F3EB22B8E1/status_slave --------
2026-09-24T21:03:51+0200 OTGW/value/otgw-84F3EB22B8E1/centralheating OFF
2026-09-24T21:03:51+0200 OTGW/value/otgw-84F3EB22B8E1/flame OFF
2026-09-24T21:03:51+0200 OTGW/value/otgw-84F3EB22B8E1/hvac_action idle
2026-09-24T21:03:52+0200 OTGW/value/otgw-84F3EB22B8E1/TSet 44.00
2026-09-24T21:03:54+0200 OTGW/value/otgw-84F3EB22B8E1/Tboiler 47.00
2026-09-24T21:03:55+0200 OTGW/value/otgw-84F3EB22B8E1/status_slave -C-F----
2026-09-24T21:03:55+0200 OTGW/value/otgw-84F3EB22B8E1/centralheating ON
2026-09-24T21:03:55+0200 OTGW/value/otgw-84F3EB22B8E1/flame ON
2026-09-24T21:03:55+0200 OTGW/value/otgw-84F3EB22B8E1/hvac_action heating
2026-09-24T21:03:57+0200 OTGW/value/otgw-84F3EB22B8E1/Tret 37.00
2026-09-24T21:03:59+0200 OTGW/value/otgw-84F3EB22B8E1/RelModLevel 16.00
2026-09-24T21:04:00+0200 OTGW/value/otgw-84F3EB22B8E1/status_slave -C------
2026-09-24T21:04:00+0200 OTGW/value/otgw-84F3EB22B8E1/flame OFF
2026-09-24T21:04:02+0200 OTGW/value/otgw-84F3EB22B8E1/CHPressure 1.58
2026-09-24T21:04:03+0200 OTGW/value/otgw-84F3EB22B8E1/Tdhw 50.80
2026-09-24T21:04:05+0200 OTGW/value/otgw-84F3EB22B8E1/status_slave -CWF----
2026-09-24T21:04:05+0200 OTGW/value/otgw-84F3EB22B8E1/domestichotwater ON
2026-09-24T21:04:05+0200 OTGW/value/otgw-84F3EB22B8E1/flame ON
2026-09-24T21:04:05+0200 OTGW/value/otgw-84F3EB22B8E1/Tr 20.40
2026-09-24T21:04:07+0200 OTGW/value/otgw-84F3EB22B8E1/TrSet 20.50
2026-09-24T21:04:09+0200 OTGW/value/otgw-84F3EB22B8E1/status_slave ---F----
2026-09-24T21:04:09+0200 OTGW/value/otgw-84F3EB22B8E1/centralheating OFF
2026-09-24T21:04:09+0200 OTGW/value/otgw-84F3EB22B8E1/domestichotwater OFF
2026-09-24T21:04:09+0200 OTGW/value/otgw-84F3EB22B8E1/hvac_action idle
2026-09-24T21:04:11+0200 OTGW/value/otgw-84F3EB22B8E1/Toutside 9.20
2026-09-24T21:04:12+0200 OTGW/value/otgw-84F3EB22B8E1/TdhwSet 57.00
2026-09-24T21:04:14+0200 OTGW/value/otgw-84F3EB22B8E1/MaxTSet 77.00
2026-09-24T21:04:15+0200 OTGW/value/otgw-84F3EB22B8E1/status_slave EC-F----
2026-09-24T21:04:15+0200 OTGW/value/otgw-84F3EB22B8E1/fault ON
2026-09-24T21:04:15+0200 OTGW/value/otgw-84F3EB22B8E1/centralheating ON
2026-09-24T21:04:15+0200 OTGW/value/otgw-84F3EB22B8E1/hvac_action heating
2026-09-24T21:04:16+0200 OTGW/value/otgw-84F3EB22B8E1/TSet 44.50
2026-09-24T21:04:18+0200 OTGW/value/otgw-84F3EB22B8E1/Tboiler 47.25
2026-09-24T21:04:20+0200 OTGW/value/otgw-84F3EB22B8E1/status_slave EC------
2026-09-24T21:04:20+0200 OTGW/value/otgw-84F3EB22B8E1/flame OFF
2026-09-24T21:04:21+0200 OTGW/value/otgw-84F3EB22B8E1/Tret 37.25
2026-09-24T21:04:23+0200 OTGW/value/otgw-84F3EB22B8E1/RelModLevel 18.00
2026-09-24T21:04:24+0200 OTGW/value/otgw-84F3EB22B8E1/status_slave -C-F----
2026-09-24T21:04:24+0200 OTGW/value/otgw-84F3EB22B8E1/fault OFF
2026-09-24T21:04:24+0200 OTGW/value/otgw-84F3EB22B8E1/flame ON
2026-09-24T21:04:26+0200 OTGW/value/otgw-84F3EB22B8E1/CHPressure 1.59
2026-09-24T21:04:27+0200 OTGW/value/otgw-84F3EB22B8E1/Tdhw 50.90
2026-09-24T21:04:29+0200 OTGW/value/otgw-84F3EB22B8E1/status_slave --------
2026-09-24T21:04:29+0200 OTGW/value/otgw-84F3EB22B8E1/centralheating OFF
2026-09-24T21:04:29+0200 OTGW/value/otgw-84F3EB22B8E1/flame OFF
2026-09-24T21:04:29+0200 OTGW/value/otgw-84F3EB22B8E1/hvac_action idle
2026-09-24T21:04:29+0200 OTGW/value/otgw-84F3EB22B8E1/Tr 20.45
2026-09-24T21:04:31+0200 OTGW/value/otgw-84F3EB22B8E1/TrSet 21.00
2026-09-24T21:04:33+0200 OTGW/value/otgw-84F3EB22B8E1/status_slave -C-F----
2026-09-24T21:04:33+0200 OTGW/value/otgw-84F3EB22B8E1/centralheating ON
2026-09-24T21:04:33+0200 OTGW/value/otgw-84F3EB22B8E1/flame ON
2026-09-24T21:04:33+0200 OTGW/value/otgw-84F3EB22B8E1/hvac_action heating
2026-09-24T21:04:35+0200 OTGW/value/otgw-84F3EB22B8E1/Toutside 9.10
2026-09-24T21:04:36+0200 OTGW/value/otgw-84F3EB22B8E1/TdhwSet 55.00
2026-09-24T21:04:38+0200 OTGW/value/otgw-84F3EB22B8E1/MaxTSet 76.00
2026-09-24T21:04:39+0200 OTGW/value/otgw-84F3EB22B8E1/status_slave -C------
2026-09-24T21:04:39+0200 OTGW/value/otgw-84F3EB22B8E1/flame OFF
2026-09-24T21:04:40+0200 OTGW/value/otgw-84F3EB22B8E1/TSet 45.00
2026-09-24T21:04:42+0200 OTGW/value/otgw-84F3EB22B8E1/Tboiler 47.50
2026-09-24T21:04:44+0200 OTGW/value/otgw-84F3EB22B8E1/status_slave -CWF----
2026-09-24T21:04:44+0200 OTGW/value/otgw-84F3EB22B8E1/domestichotwater ON
2026-09-24T21:04:44+0200 OTGW/value/otgw-84F3EB22B8E1/flame ON
2026-09-24T21:04:45+0200 OTGW/value/otgw-84F3EB22B8E1/Tret 37.50
2026-09-24T21:04:47+0200 OTGW/value/otgw-84F3EB22B8E1/RelModLevel 20.00
2026-09-24T21:04:48+0200 OTGW/value/otgw-84F3EB22B8E1/status_master CD---W--
2026-09-24T21:04:48+0200 OTGW/value/otgw-84F3EB22B8E1/ch_enable ON
2026-09-24T21:04:48+0200 OTGW/value/otgw-84F3EB22B8E1/dhw_enable ON
2026-09-24T21:04:48+0200 OTGW/value/otgw-84F3EB22B8E1/status_slave ---F----
2026-09-24T21:04:48+0200 OTGW/value/otgw-84F3EB22B8E1/centralheating OFF
2026-09-24T21:04:48+0200 OTGW/value/otgw-84F3EB22B8E1/domestichotwater OFF
2026-09-24T21:04:48+0200 OTGW/value/otgw-84F3EB22B8E1/cooling OFF
2026-09-24T21:04:48+0200 OTGW/value/otgw-84F3EB22B8E1/centralheating2 OFF
2026-09-24T21:04:48+0200 OTGW/value/otgw-84F3EB22B8E1/diagnostic_indicator OFF
2026-09-24T21:04:48+0200 OTGW/value/otgw-84F3EB22B8E1/electric_production OFF
2026-09-24T21:04:48+0200 OTGW/value/otgw-84F3EB22B8E1/hvac_action idle
2026-09-24T21:04:50+0200 OTGW/value/otgw-84F3EB22B8E1/CHPressure 1.50
2026-09-24T21:04:51+0200 OTGW/value/otgw-84F3EB22B8E1/Tdhw 51.00
2026-09-24T21:04:52+0200 OTGW/value/otgw-84F3EB22B8E1/cooling_enable OFF
2026-09-24T21:04:52+0200 OTGW/value/otgw-84F3EB22B8E1/otc_active OFF
2026-09-24T21:04:52+0200 OTGW/value/otgw-84F3EB22B8E1/ch2_enable OFF
2026-09-24T21:04:52+0200 OTGW/value/otgw-84F3EB22B8E1/summerwintertime OFF
2026-09-24T21:04:52+0200 OTGW/value/otgw-84F3EB22B8E1/dhw_blocking OFF
2026-09-24T21:04:53+0200 OTGW/value/otgw-84F3EB22B8E1/status_slave EC-F----
2026-09-24T21:04:53+0200 OTGW/value/otgw-84F3EB22B8E1/fault ON
2026-09-24T21:04:53+0200 OTGW/value/otgw-84F3EB22B8E1/centralheating ON
2026-09-24T21:04:53+0200 OTGW/value/otgw-84F3EB22B8E1/hvac_action heating
2026-09-24T21:04:54+0200 OTGW/value/otgw-84F3EB22B8E1/Tr 20.50
2026-09-24T21:04:55+0200 OTGW/value/otgw-84F3EB22B8E1/TrSet 21.50
2026-09-24T21:04:57+0200 OTGW/value/otgw-84F3EB22B8E1/status_slave EC------
2026-09-24T21:04:57+0200 OTGW/value/otgw-84F3EB22B8E1/flame OFF
2026-09-24T21:04:59+0200 OTGW/value/otgw-84F3EB22B8E1/Toutside 9.00
2026-09-24T21:05:00+0200 OTGW/value/otgw-84F3EB22B8E1/TdhwSet 56.00
2026-09-24T21:05:02+0200 OTGW/value/otgw-84F3EB22B8E1/MaxTSet 80.00
2026-09-24T21:05:03+0200 OTGW/value/otgw-84F3EB22B8E1/status_slave -C-F----
2026-09-24T21:05:03+0200 OTGW/value/otgw-84F3EB22B8E1/fault OFF
2026-09-24T21:05:03+0200 OTGW/value/otgw-84F3EB22B8E1/flame ON
2026-09-24T21:05:04+0200 OTGW/value/otgw-84F3EB22B8E1/TSet 45.50
2026-09-24T21:05:06+0200 OTGW/value/otgw-84F3EB22B8E1/Tboiler 47.75
2026-09-24T21:05:08+0200 OTGW/value/otgw-84F3EB22B8E1/status_slave --------
2026-09-24T21:05:08+0200 OTGW/value/otgw-84F3EB22B8E1/centralheating OFF
2026-09-24T21:05:08+0200 OTGW/value/otgw-84F3EB22B8E1/flame OFF
2026-09-24T21:05:08+0200 OTGW/value/otgw-84F3EB22B8E1/hvac_action idle
2026-09-24T21:05:09+0200 OTGW/value/otgw-84F3EB22B8E1/Tret 37.75
2026-09-24T21:05:11+0200 OTGW/value/otgw-84F3EB22B8E1/RelModLevel 22.00
2026-09-24T21:05:12+0200 OTGW/value/otgw-84F3EB22B8E1/status_slave -C-F----
2026-09-24T21:05:12+0200 OTGW/value/otgw-84F3EB22B8E1/centralheating ON
2026-09-24T21:05:12+0200 OTGW/value/otgw-84F3EB22B8E1/flame ON
2026-09-24T21:05:12+0200 OTGW/value/otgw-84F3EB22B8E1/hvac_action heating
2026-09-24T21:05:14+0200 OTGW/value/otgw-84F3EB22B8E1/CHPressure 1.51
2026-09-24T21:05:16+0200 OTGW/value/otgw-84F3EB22B8E1/Tdhw 51.10
2026-09-24T21:05:17+0200 OTGW/value/otgw-84F3EB22B8E1/status_slave -C------
2026-09-24T21:05:17+0200 OTGW/value/otgw-84F3EB22B8E1/flame OFF
2026-09-24T21:05:18+0200 OTGW/value/otgw-84F3EB22B8E1/Tr 20.55
2026-09-24T21:05:19+0200 OTGW/value/otgw-84F3EB22B8E1/TrSet 22.00
2026-09-24T21:05:22+0200 OTGW/value/otgw-84F3EB22B8E1/status_slave -CWF----
2026-09-24T21:05:22+0200 OTGW/value/otgw-84F3EB22B8E1/domestichotwater ON
2026-09-24T21:05:22+0200 OTGW/value/otgw-84F3EB22B8E1/flame ON
2026-09-24T21:05:23+0200 OTGW/value/otgw-84F3EB22B8E1/Toutside 8.90
2026-09-24T21:05:25+0200 OTGW/value/otgw-84F3EB22B8E1/TdhwSet 57.00
2026-09-24T21:05:26+0200 OTGW/value/otgw-84F3EB22B8E1/MaxTSet 79.00
2026-09-24T21:05:27+0200 OTGW/value/otgw-84F3EB22B8E1/hvac_mode heat
2026-09-24T21:05:28+0200 OTGW/value/otgw-84F3EB22B8E1/status_slave ---F----
2026-09-24T21:05:28+0200 OTGW/value/otgw-84F3EB22B8E1/centralheating OFF
2026-09-24T21:05:28+0200 OTGW/value/otgw-84F3EB22B8E1/domestichotwater OFF
2026-09-24T21:05:28+0200 OTGW/value/otgw-84F3EB22B8E1/hvac_action idle
2026-09-24T21:05:28+0200 OTGW/value/otgw-84F3EB22B8E1/TSet 46.00
2026-09-24T21:05:31+0200 OTGW/value/otgw-84F3EB22B8E1/Tboiler 48.00
2026-09-24T21:05:32+0200 OTGW/value/otgw-84F3EB22B8E1/status_slave EC-F----
2026-09-24T21:05:32+0200 OTGW/value/otgw-84F3EB22B8E1/fault ON
2026-09-24T21:05:32+0200 OTGW/value/otgw-84F3EB22B8E1/centralheating ON
2026-09-24T21:05:32+0200 OTGW/value/otgw-84F3EB22B8E1/hvac_action heating
2026-09-24T21:05:34+0200 OTGW/value/otgw-84F3EB22B8E1/Tret 38.00
2026-09-24T21:05:35+0200 OTGW/value/otgw-84F3EB22B8E1/RelModLevel 24.00
2026-09-24T21:05:37+0200 OTGW/value/otgw-84F3EB22B8E1/status_slave EC------
2026-09-24T21:05:37+0200 OTGW/value/otgw-84F3EB22B8E1/flame OFF
2026-09-24T21:05:38+0200 OTGW/value/otgw-84F3EB22B8E1/CHPressure 1.52
2026-09-24T21:05:40+0200 OTGW/value/otgw-84F3EB22B8E1/Tdhw 51.20
2026-09-24T21:05:41+0200 OTGW/value/otgw-84F3EB22B8E1/status_slave -C-F----
2026-09-24T21:05:41+0200 OTGW/value/otgw-84F3EB22B8E1/fault OFF
2026-09-24T21:05:41+0200 OTGW/value/otgw-84F3EB22B8E1/flame ON
2026-09-24T21:05:42+0200 OTGW/value/otgw-84F3EB22B8E1/Tr 20.60
2026-09-24T21:05:43+0200 OTGW/value/otgw-84F3EB22B8E1/TrSet 20.50
2026-09-24T21:05:46+0200 OTGW/value/otgw-84F3EB22B8E1/status_slave --------
2026-09-24T21:05:46+0200 OTGW/value/otgw-84F3EB22B8E1/centralheating OFF
2026-09-24T21:05:46+0200 OTGW/value/otgw-84F3EB22B8E1/flame OFF
2026-09-24T21:05:46+0200 OTGW/value/otgw-84F3EB22B8E1/hvac_action idle
2026-09-24T21:05:47+0200 OTGW/value/otgw-84F3EB22B8E1/Toutside 8.80
2026-09-24T21:05:49+0200 OTGW/value/otgw-84F3EB22B8E1/TdhwSet 55.00
2026-09-24T21:05:50+0200 OTGW/value/otgw-84F3EB22B8E1/MaxTSet 78.00
2026-09-24T21:05:50+0200 OTGW/value/otgw-84F3EB22B8E1/event_report PR: M=G
2026-09-24T21:05:51+0200 OTGW/value/otgw-84F3EB22B8E1/status_master CD---W--
2026-09-24T21:05:51+0200 OTGW/value/otgw-84F3EB22B8E1/ch_enable ON
2026-09-24T21:05:51+0200 OTGW/value/otgw-84F3EB22B8E1/dhw_enable ON
2026-09-24T21:05:52+0200 OTGW/value/otgw-84F3EB22B8E1/status_master -----W--
2026-09-24T21:05:52+0200 OTGW/value/otgw-84F3EB22B8E1/ch_enable OFF
2026-09-24T21:05:52+0200 OTGW/value/otgw-84F3EB22B8E1/dhw_enable OFF
2026-09-24T21:05:53+0200 OTGW/value/otgw-84F3EB22B8E1/cooling_enable OFF
2026-09-24T21:05:53+0200 OTGW/value/otgw-84F3EB22B8E1/otc_active OFF
2026-09-24T21:05:53+0200 OTGW/value/otgw-84F3EB22B8E1/ch2_enable OFF
2026-09-24T21:05:53+0200 OTGW/value/otgw-84F3EB22B8E1/summerwintertime OFF
2026-09-24T21:05:53+0200 OTGW/value/otgw-84F3EB22B8E1/dhw_blocking OFF
2026-09-24T21:06:19+0200 OTGW/value/otgw-84F3EB22B8E1/otgw-firmware/uptime 84253
2026-09-24T21:06:19+0200 OTGW/value/otgw-84F3EB22B8E1/otgw-firmware/hostname OTGW
2026-09-24T21:06:19+0200 OTGW/value/otgw-84F3EB22B8E1/otgw-firmware/version 1.7.6-beta.5+e0e0d3b
2026-09-24T21:06:19+0200 OTGW/value/otgw-84F3EB22B8E1/otgw-firmware/reboot_count 12
2026-09-24T21:06:19+0200 OTGW/value/otgw-84F3EB22B8E1/otgw-firmware/reboot_reason Software/System restart
2026-09-24T21:06:19+0200 OTGW/value/otgw-84F3EB22B8E1/otgw-pic/version 6.8
2026-09-24T21:06:19+0200 OTGW/value/otgw-84F3EB22B8E1/otgw-pic/deviceid pic16f1847
2026-09-24T21:06:19+0200 OTGW/value/otgw-84F3EB22B8E1/otgw-pic/firmwaretype gateway
2026-09-24T21:06:19+0200 OTGW/value/otgw-84F3EB22B8E1/otgw-pic/designer Schelte Bron
2026-09-24T21:06:19+0200 OTGW/value/otgw-84F3EB22B8E1/otgw-pic/picavailable ON
2026-09-24T21:06:19+0200 OTGW/value/otgw-84F3EB22B8E1/otgw-pic/boiler_connected ON
2026-09-24T21:06:19+0200 OTGW/value/otgw-84F3EB22B8E1/otgw-pic/thermostat_connected ON
2026-09-24T21:06:19+0200 OTGW/value/otgw-84F3EB22B8E1/otgw-pic/otgw_connected ON
2026-09-24T21:06:19+0200 OTGW/value/otgw-84F3EB22B8E1/otgw-pic/gateway_mode ON
2026-09-24T21:06:19+0200 OTGW/value/otgw-84F3EB22B8E1/otgw-pic/settings/setpoint_override N
2026-09-24T21:06:19+0200 OTGW/value/otgw-84F3EB22B8E1/otgw-pic/settings/setback 16.00
2026-09-24T21:06:19+0200 OTGW/value/otgw-84F3EB22B8E1/otgw-pic/settings/dhw_override A
2026-09-24T21:06:20+0200 OTGW/value/otgw-84F3EB22B8E1/otgw-pic/boiler_connected OFF
2026-09-24T21:06:21+0200 OTGW/value/otgw-84F3EB22B8E1/otgw-pic/thermostat_connected OFF
2026-09-24T21:06:21+0200 OTGW/value/otgw-84F3EB22B8E1/hvac_mode off
2026-09-24T21:06:21+0200 OTGW/value/otgw-84F3EB22B8E1/hvac_action off
2026-09-24T21:06:21+0200 OTGW/value/otgw-84F3EB22B8E1/otgw-pic/otgw_connected OFF
2026-09-24T21:06:52+0200 OTGW/value/otgw-84F3EB22B8E1/status_master -----W--
2026-09-24T21:06:52+0200 OTGW/value/otgw-84F3EB22B8E1/ch_enable OFF
2026-09-24T21:06:52+0200 OTGW/value/otgw-84F3EB22B8E1/dhw_enable OFF
2026-09-24T21:06:53+0200 OTGW/value/otgw-84F3EB22B8E1/cooling_enable OFF
2026-09-24T21:06:53+0200 OTGW/value/otgw-84F3EB22B8E1/otc_active OFF
2026-09-24T21:06:53+0200 OTGW/value/otgw-84F3EB22B8E1/ch2_enable OFF
2026-09-24T21:06:53+0200 OTGW/value/otgw-84F3EB22B8E1/summerwintertime OFF
2026-09-24T21:06:53+0200 OTGW/value/otgw-84F3EB22B8E1/dhw_blocking OFF
